1.2681891341276985,6.709018
1.3578085724180409,3.5370111
2.0627531531552954,13.463919
1.7830014394889286,6.417786
2.135812094923031,11.234602
1.6978513661070105,7.423215
1.5237716118689761,4.8344765
1.700584943006601,4.033643
1.418397564582666,1.9261411
1.7503180053581378,0.8836193
1.865452982094719,1.8143997
1.9213896652626867,3.5192041
1.7979244717818461,1.2767388
2.2875291971967853,0.6614482
1.8213485861965735,2.8332062
1.9305755918926408,2.7126148
1.421771267532847,2.6780715
1.5448968390691022,3.196234
1.9994510827906502,3.2667155
2.371375884985139,2.1830983
2.2230645365915347,2.113408
1.803335460433049,4.7742066
1.816132730874255,1.8386443
1.6419730596255695,0.55523825
1.348020733866585,0.6389642
1.812387431314519,1.478508
1.873160957010577,0.8506013
1.9016278571702185,4.222494
2.197453007004389,1.9263191
1.5609057933963404,3.0104804
1.8917502961931685,1.7887214
1.2778466830168391,2.3223324
1.4255156251574475,2.9273508
1.6182132189586877,5.4690685
1.582577702764148,5.528965
1.725336596539314,4.0051737
1.5118110616395077,4.8847427
1.3861287937526223,0.19354878
1.4747724407476004,1.9046435
1.2973511820023649,1.7364346
1.3598820071976705,7.203551
1.3877590156551511,7.3093605
1.2817548894096296,5.809016
1.6531574404078657,10.133972
1.1974209874611144,3.1552703
1.1264274311646587,0.56198674
1.244437103171683,3.0897303
1.2916820063963714,6.284406
1.2133258228151347,1.5037872
1.5420744223810239,1.3007723
1.5944928900948976,7.35376
1.5167305573582437,2.7108202
1.4261904118409447,1.3619293
1.3621810601644249,6.737295
1.539077673583637,3.3581688
1.886882363081478,4.1647425
1.9484735782621676,10.855183
1.551573957347059,7.968923
1.7329081592406257,9.283176
1.333206292696624,1.4436004
1.7710908621841968,6.3544397
1.7591333894100754,3.1426396
1.4027892375154674,2.9517493
1.7953737871994013,4.0490837
1.7441970005110865,2.7193182
1.6711155999686744,5.8830333
1.314412645452405,2.7320862
1.2406910104618292,3.5936756
1.2240525134168814,3.780119
1.1733446555229925,8.344119
1.2785553306553266,4.0534716
1.3776489229986912,4.4562798
1.6362639826815908,3.5060909
1.375486444,4.717721
1.6343193114736176,2.340245
1.417780343740226,1.4862508
1.4554902007098227,1.4151284
1.4285649104088924,1.0885785
1.4329896704627505,1.6879605
1.3149207694546445,2.4450402
1.313716781,3.4205675
1.3696178384947195,4.8186812
1.4546232567081003,3.182339
1.3751235368653478,4.3629684
1.3762952456309816,5.1328897
1.299510885049956,3.1491065
1.3050334543103383,1.5945501
1.2996097967200633,3.4105606
1.2982865856782693,4.973792
1.289117018849005,5.202851
1.2746735801250073,3.1125076
1.275907365747457,8.173941
1.2602923658805159,7.1483116
1.2902039610372082,5.086773
1.2868994072675788,4.3367214
1.2431178541015018,5.7432866
1.1891563284687794,4.5086665
1.2156784921852848,4.139658
1.2802955818047412,3.9067001
1.3339442150503336,5.604957
1.5420240011580681,6.5798264
1.4181640278680552,0.96654785
1.2907428631271907,9.944604
1.180830776430316,7.3732467
1.676436590551147,5.768364
1.3312524509041292,5.104991
1.3823296154099647,5.1863484
1.5784742277323045,6.4412513
1.335563549331147,5.469728
1.4169224201326225,11.793175
1.7552076944779167,7.2879868
2.122412998566092,14.01092
2.5704991773654156,14.661942
2.5380828494185077,8.751295
2.0740917693776457,12.511023
1.9225141654895097,14.438551
1.7004656887183536,6.555321
1.9866691791368447,14.266513
2.0586161680785646,5.7868834
2.169318582,15.091724
1.7689104998356642,10.693488
1.7873886835213573,11.379271
1.7719623393167874,4.629815
1.7780911969907354,3.9634957
1.482043796887591,9.588469
1.5091387453770473,6.944941
1.2573706644059082,3.3342857
1.332615551231919,8.116349
1.4743170729469375,3.4289227
1.793054213714373,4.0126033
1.6317948792931718,1.6343302
1.6879098525177052,2.4102266
1.5520783712209407,4.218809
1.6262054197399047,2.1549625
1.6809086448527706,9.476372
2.2170868699960717,3.9008439
1.6045671555692382,7.918986
1.8395404377043845,11.714638
1.1871248331502944,8.283446
1.112246659801538,3.8805783
1.298663786,4.57429
1.2609824934633105,4.076633
1.3506567435571037,5.344663
1.3951256754274595,3.6105928
1.48764837,5.77086
1.4400008652501588,4.737508
1.4143326223036823,6.6127276
1.3946189037970413,7.9067574
1.321627256001664,11.518096
1.0872316453543336,8.5699625
1.1416820829947296,11.326642
1.3700911620916387,14.784334
1.273875218149271,6.7931223
1.1845442811901221,5.2839794
1.2063809686032312,11.192625
1.1262579722942516,5.113489
1.2373866238238225,2.7379212
1.1897821163681928,4.4363666
1.131528819480778,3.2408462
1.1254396423536244,2.3043077
1.092906128783752,2.8629758
1.0876571274699118,4.7248273
1.3635790227862852,3.8347476
1.1536231574804987,2.4300632
1.148799867,2.3978348
1.1276251531897425,2.1158717
1.1810137122504947,7.786119
1.1900945241857197,12.640539
1.149337908,5.976793
1.1952212385776393,1.1360345
1.3058045632132558,8.237478
1.242660146390906,6.8628283
1.112236562601412,5.229235
1.169321027443448,7.3480983
1.0740626579698658,7.642223
1.1875253581573633,8.399202
1.152687809561666,12.210017
1.1485451214383058,5.9106493
1.255253679284188,10.148106
1.3049908335054585,4.893351
1.5175091578968944,5.4458447
1.4958917903357545,5.397697
1.5536312674728534,8.24259
1.4342436307750166,2.8481598
1.5360455827130521,1.0709496
1.913601205282509,3.0391355
1.857118551055336,2.7203007
2.250745407170378,9.208109
1.7577588571665455,6.567226
1.3167096050871283,7.450489
2.459046216047546,6.2369566
1.9645952026958697,11.393305
1.6909701012126872,10.11433
1.6395902247578544,1.165424
1.7703084896809549,0.73616195
1.8274257154276032,1.0305156
1.4306601377438553,1.454179
1.2761946395871941,4.113974
1.4217613028441056,1.0993834
1.721149034376021,10.016346
1.676964870910562,7.6850033
1.7487571195573184,11.153764
1.7221971498735509,2.521375
1.4517572281103077,1.857311
1.399786053,2.5784342
1.7379120952555973,5.077326
1.467728144939432,2.4820905
1.442628786752873,2.6599329
1.4887725081031191,2.5163517
1.659829464224727,2.4475842
1.763719105436297,3.0899959
1.385406083516824,3.1655965
1.862826333917021,1.6082728
1.4868408624506255,2.3365078
1.6006383318901518,2.9188428
1.6749789223057507,3.1435304
1.7763026776303217,2.1614466
1.751008781088858,3.4939396
1.6791143903634622,3.5969338
1.540158082518297,1.71718
1.7619173295690318,3.8123527
1.7627954603157197,2.8278408
1.6376028879330335,4.2525206
1.6210218492859378,2.5533674
1.6837885463411446,3.4258876
1.693548609,2.32887
1.813831575365769,4.029583
2.260223042327603,6.4639335
1.735293112889329,5.621766
1.2038623771272325,4.127261
1.8375233706049054,4.7270775
1.8146597092047116,3.634945
1.4466453516846953,3.0988612
1.4354763870625185,10.051711
1.967709381275761,3.7956948
1.6403151453539373,6.123994
1.8621975205009098,9.734936
1.9816292176773291,6.96774
1.726186123403638,4.9552875
1.7638217120890007,10.065871
1.3791194118865935,3.8596766
1.195214405118959,1.2083945
1.1576273795295537,3.771359
1.2950263128801476,9.197449
1.426378189505951,11.364383
1.2730701852704542,10.682545
1.346647217861223,3.9381087
1.2934349478909375,9.748593
1.2442688806974422,3.5621238
1.408635340710588,8.754823
1.2627477075830733,7.1724896
1.485248925440333,14.119125
1.2908273769204455,1.10238
1.4418082160033336,3.8152378
1.5647440380280522,9.014886
1.3047653772200354,4.653654
1.2291695110769205,8.49412
1.162621798124695,8.161482
1.4344410257161435,8.633011
1.3443216818297021,3.7613628
1.3716374517851755,4.0630684
1.9796619575797232,5.943716
1.788035876371527,3.8107643
1.7035305963911647,4.165495
1.9653487702817385,2.0281448
1.7848378911245422,2.8347156
1.7576818079900205,6.6452127
1.6350315346887554,11.714289
1.3532207863838723,9.610878
1.2445902995741234,10.703323
1.5319461133580579,5.7102895
1.3733939673639557,2.0642695
1.268532257542175,8.910812
1.4002761459031259,7.5491576
1.2919627444910353,14.560368
1.2905503551106552,6.608306
1.0765922709299096,5.492619
1.215757675563125,1.1640152
1.5489731063977603,8.239096
1.4850637212678193,7.233217
2.140613410391616,6.746048
1.7131277610726603,6.3561983
1.311513005700896,10.568184
1.577838417603798,1.1872648
1.460198634807218,1.4802312
1.3318400502735837,5.7567563
1.3504056496606012,11.454534
1.316721313186568,6.7577167
1.4094389509620184,6.877762
1.4137683108508807,7.558645
1.2936508827255628,7.647064
1.425134780606543,6.558952
1.1613571093643742,9.140803
1.2857354676365027,4.186834
1.2990944052587936,5.740757
1.2778914266033852,1.3546546
1.2768941466884463,8.009191
1.4166764150400346,7.8246813
1.4140969331088322,8.7127285
1.4408455819455648,10.224314
1.432598147982903,7.272457
1.1952908290533308,6.9348526
1.2919559914370609,6.4470816
1.356655033727594,5.4356112
1.5837565605822344,6.131275
1.616477487338836,2.163733
1.468662998813717,4.653493
1.1779618872173339,3.8022344
1.2910106146375115,3.6623156
1.3220466189099613,3.2690797
1.2779526555885705,4.025442
1.2736366439621278,3.560012
1.2728125691588315,3.4396544
1.2717151891969853,4.1484838
1.252488404471853,2.479267
1.1484523727705496,2.05056
1.2124118669917152,2.8480253
1.1276906252508905,1.6064568
1.2380327718764035,2.382824
1.2931548564767332,1.459658
1.2074963894659674,1.940928
1.3152171590307422,1.5536323
1.2399431539616244,2.8792238
1.3806664083356526,3.2402053
1.175509837174666,2.030817
1.2866232934952235,1.7502636
1.1915390381433775,1.4821417
1.3201665224116013,1.4792867
1.2218108885295424,1.723156
1.2864872547032655,1.6413229
1.1805916424369065,3.2168689
1.2222918550147754,1.8679259
1.2927094459581054,1.6770544
1.254736783726018,1.5870354
1.1850231659211483,1.2783084
1.2861614540584057,2.040324
1.4242795125404824,1.7199149
1.4673275198556257,1.9115795
1.4284512374190386,1.4708345
1.3277762679281089,2.230051
1.418699570854729,1.776131
1.4384853547495753,3.5754547
1.479336859391397,4.1964617
1.3623863620427095,3.3036976
1.2864030891924363,3.2380414
1.4099745493314602,3.2224982
1.4261949733801809,9.021408
1.2167039780938373,3.2674289
1.4072265087412876,4.5423007
1.555265277814136,4.130354
1.6405091167271422,2.4670742
1.5689953101504897,3.3177412
1.4951862405536918,3.5375123
1.314971525753985,4.6971107
1.5878922126870454,3.2931952
1.4789270621742563,3.2936704
1.3827612619754515,5.557252
1.570311864933055,1.241353
1.4848641043781958,0.9379639
1.3264966230320216,2.592662
1.2875180972639388,2.0765507
1.483751020137502,1.3511513
1.2974192235607807,1.6568804
1.4742697159136169,4.3274903
1.2776295631115946,1.4787464
1.6411546962210135,2.4270563
1.5196633751457216,4.0435677
1.5255813411748287,0.6556313
1.3266036442631821,3.3140159
1.531042172667976,2.1371584
1.6315502212428348,2.2158477
1.7185403335867309,1.2044699
1.4452381233496343,0.49254644
1.3521023424823702,1.0850949
1.4688043950491785,4.1452246
1.502743029497244,1.6579305
1.3379083247475205,2.2032857
1.7528509945307351,5.0111847
2.670151330698069,3.5321019
2.060633998258193,1.6424441
2.2241546889255703,1.0941079
1.5832877968248005,0.30110845
1.8520642387046702,1.3682536
1.414938089713567,5.758229
2.0041363148132474,4.526412
1.9547471612129133,1.3714744
2.158190303124704,5.3251534
2.415763378701703,2.18271
2.0477104757033726,6.3458056
1.8829931220000657,2.5599265
1.9129135923207754,1.3414489
2.0862873530156922,0.328646
1.430421300905859,1.3239882
1.9056193180311654,0.66102386
2.1969009378586786,1.1244168
2.3742155475046345,2.2882993
2.130768258153631,1.3305678
2.2667723121694774,1.39418
1.7082358589554862,1.7437642
2.1476624602728474,1.2974634
2.222734447763388,1.4465524
1.8457607587698224,1.548123
1.831622126202332,1.8469361
1.755611957656336,3.3041399
1.5084331714068162,0.60875213
1.7485988688942544,2.3316593
1.8023062723219747,1.1485494
1.814877415507976,2.0671585
1.3029262309416836,1.5059284
1.6265661791471475,6.5624733
1.9492340646642083,12.3701
1.826381104403875,7.5597105
1.7610546661107134,7.379908
1.8466107095518156,4.053483
1.8160126024031977,4.209793
1.4763661504393089,4.720787
1.3446626148087408,5.857849
1.3333296255232792,7.774551
2.028574760734451,6.594663
1.997363935377945,2.535119
2.0399862166993907,2.1202843
1.7221565789630995,0.12234196
1.5157663581321859,2.1369693
1.1565121300165584,2.2426565
1.3464136374395337,3.3948748
1.5056577849837152,2.7931595
1.6593179550961656,1.2349377
1.5499992695030753,2.6476123
1.642799271842975,3.219899
1.5958189641298626,5.7188797
1.7927625679211125,10.365835
2.0005210904453823,13.821657
2.012381998621432,6.8646736
1.4227941166039433,2.7741876
1.3512136074964405,11.144102
1.6378180050945825,8.545454
1.5383466376778876,5.5673304
1.3179938308319885,5.7694736
1.1322745957562996,3.002831
1.1699507525819848,5.2101946
1.2685621944369596,3.958078
1.6676105934310126,4.4102798
1.6605965409491108,6.9309497
1.8012331140979634,5.882822
1.5979633155684136,5.091682
1.6161772133109817,2.244003
1.6782812968347172,3.012553
1.7624312105275874,5.708421
1.4613862809965557,3.4478664
1.6672638137496067,1.2585313
1.584713353863494,2.0784533
1.594665270415021,0.820386
1.2194112679514952,0.60884994
1.4465395104757517,1.7374593
1.2642561947489077,0.20123538
1.6243332313005057,0.28889382
1.9722392402641673,0.20234606
1.759268926808667,0.6301134
1.8471197303911813,0.53172463
1.8542909870011368,0.6838125
1.6331927631091017,1.2477506
1.1678518882851907,0.53902
1.2102380974886717,0.5586255
1.2763930522955296,1.2225511
1.6007090955454115,2.4639974
1.7615465302100644,1.7872097
1.9331944290392962,1.3233703
1.6260984828212153,5.5047417
2.0172204187764273,4.0521107
2.231788896551853,4.645464
1.9259060423866066,4.390856
2.242076020138153,3.7276216
2.0705713854298047,3.5447562
1.9090670306440067,4.181434
1.3589022314873291,3.9866242
2.0012670550612883,3.5774512
1.554322998,1.6999652
1.3130666657672239,0.5336979
1.8415946083453518,2.407057
1.6604769669325157,1.2895491
1.722174763979333,1.3216704
1.8658130706071852,5.843167
1.415307646671713,6.4679594
1.4175694861346164,4.9668174
1.4571085928693892,5.7776494
1.1507506276766306,5.4941683
1.3237448465497303,5.7111835
1.1921202884953004,1.4185438
1.739291648861336,3.7389553
1.8936086557970986,3.7948773
1.4930286826011638,3.63477
1.4846646232705494,5.5735955
1.7722066973834472,6.222563
1.9074212522233323,3.1380146
1.6400631616261157,5.8477764
1.5505389404586989,4.6321564
1.627815072577186,3.2834423
1.711165208892325,11.359732
1.6026563636522873,7.286752
1.6990731804657377,10.597081
1.6500709551844084,11.035709
1.8369045059333902,9.595166
1.6099358368168153,7.0870147
1.655766644538254,5.8471932
1.3326058265757514,11.200473
1.3403400369452452,7.8107786
1.5373618513904976,1.6607772
1.729384816567603,4.105629
1.6187337755059061,4.9189467
2.2826198528274637,3.2130003
2.137378852,6.279051
2.017864359474607,5.029978
2.6095754660518584,5.1743045
2.1775864909804405,12.557386
1.9890203954798962,8.170085
2.0269471553278504,10.12842
2.027088883355628,9.61866
1.9735245041473621,9.014601
2.1544449667575285,7.308967
2.439398297632072,14.950886
2.045559217287954,4.8218718
1.8409380467604954,11.2603035
1.9916702261027024,12.799936
1.7815451333721328,18.848995
1.4835679968586257,1.9799199
1.5458822282338716,8.713506
1.531024314011707,4.2727556
1.4773076440445154,2.460548
1.441870117442236,2.393892
1.5897039553614785,9.922206
1.789562151133281,11.754423
1.574165799334143,8.630314
1.6139977630908156,11.7441225
1.8826638751769886,10.968841
1.4990691046688196,3.644626
1.5710195888286127,11.434058
1.6474068693066433,6.330229
1.7141383941610302,5.739999
1.8106322873898653,11.456261
1.6180086883121965,8.869398
1.570116683894775,4.643917
1.5076908845609833,5.5524297
1.624429888,5.4728556
1.7056266307844579,6.362719
1.4144932808987236,7.482157
1.6089816911989006,8.038313
1.4896428466062641,14.728417
1.506886166127993,7.9677305
1.7114649708411092,6.6676126
1.4279277973846816,7.966914
1.3684712727245532,2.7483077
1.8251411915007798,4.030206
1.9014263710251278,7.495559
1.7563418216850966,12.40901
1.6660894326310047,3.305149
1.8137970086338093,7.87943
1.4248816637192807,1.4207878
1.5903867249142591,2.890459
1.7829879510043933,6.202215
1.8021009836815005,16.942036
1.454339968395279,3.5145633
1.621116069648965,11.072887
1.3735511538502576,6.4686527
1.344180848993396,5.1081867
1.405093745234751,1.8550128
1.3894934073340577,6.268153
1.4298157276167633,2.0370755
1.378779636726188,1.8442631
1.4930416405910358,1.8734773
1.674598417995895,7.026638
1.3000208633734003,5.7109833
1.3385227610283006,7.070506
1.3671408401433567,1.8278996
1.575335017267681,6.333918
1.6565954502032028,4.0957956
1.7023359794189896,6.3940687
1.4582753580184256,1.9511436
1.4731324203991734,5.478707
1.329663537,4.2768927
1.2651085236979627,2.581755
1.0941007700278826,4.2505713
1.097676396,5.022873
1.1127513829976798,2.5896888
1.0200797421758783,3.8857157
1.0190440969256447,4.9217157
1.1498662649821705,4.1884227
1.180071992608934,4.7061014
1.232596832904522,4.987809
1.218217390134303,5.3027124
1.298707950897869,3.3927064
1.2330299054952365,4.334764
1.3350871802806836,3.5984445
1.3051414599260045,2.7726612
1.3107636266241718,3.1313639
1.377325034568035,4.7132573
1.4125377871311633,6.6312337
1.3526012768526015,6.3942847
1.287018822,9.467018
1.3078425391538882,3.2079186
1.3417552061538256,9.417548
1.2445681763478786,9.11057
1.4296420463975725,4.5085526
1.4349864130466454,5.4450293
1.4196876718417746,6.3667917
1.3064738595450733,2.977062
1.2942546002403976,3.8309474
1.2546726959968315,1.0775647
1.2567744177594065,1.5757743
1.2604870459820428,5.7372565
1.2645571423518018,6.7902355
1.3832090357447167,6.629727
1.3914982591717582,5.713725
1.4385235039128939,2.210888
1.301772876529516,3.14983
1.3901114092766207,8.815304
1.3858113668411012,5.567911
1.238230255736624,3.088215
1.2135316549237418,5.1641808
1.2933727839401226,5.1951175
1.273006129137488,4.3379664
1.3058935462258239,6.2725525
1.2897671147660632,4.6897373
1.2878131807012794,7.2735934
1.3023157396959966,7.798802
1.3645050551660292,9.309877
1.180837361654942,3.4980657
1.2165723545051423,1.5659859
1.1275868087179766,1.0846413
1.070434381825179,1.7030125
1.2094707235508497,1.2593839
1.2963919862694562,2.8223794
1.2813485419581134,1.3567584
1.2697229133896435,2.2805846
1.2029505764482606,1.302308
1.2225972228228195,2.8725808
1.3303368924710264,6.864399
1.1617806791881782,4.0613523
1.2770798912310486,3.5767689
1.2471291266386753,3.525651
1.4893711130659866,11.589475
1.4864511591497283,7.782931
1.2833738041671283,6.307614
1.2331173675628044,6.104311
1.2669628917426523,11.143269
1.4421784615808106,14.05894
1.4804491872961247,15.312906
1.4450741196993298,6.6157937
1.3970612815443273,9.117229
1.3612606794228264,8.868124
1.1847380525504208,10.15998
1.2353519077034032,14.764464
1.2725274090374454,5.848799
1.1826351931781298,8.291326
1.2959621552791982,14.822471
1.2796346466605506,4.362215
1.3902122265293804,8.516755
1.4942082492019364,6.909659
1.1800096937968618,6.7287865
1.4437184372371052,18.046186
1.3056737358997819,8.446098
1.4481474703863066,9.096856
1.3808978664885754,6.814583
1.3063742062162988,9.250654
1.4172122273498602,9.390136
1.204618923558409,9.007288
1.1807434744593954,3.519105
1.2000445129393866,1.9259118
1.1788812285287162,7.167504
1.3268096849100093,6.287116
1.310173475076049,12.151014
1.2455371168473472,12.490336
1.1968979849094294,11.068721
1.143056998798109,5.73133
1.1424145924207383,3.970468
1.2442090727074642,10.396291
1.170637276660868,5.7297845
1.2748745638692545,4.462942
1.3052953766089097,3.1553652
1.3152395176597933,7.531618
1.263745893397662,7.6622114
1.421409263848447,17.848421
1.358102196297059,13.911936
1.3759254646972525,13.49828
1.4382824961272704,9.338172
1.2601168011667747,8.489609
1.4171825554893012,11.03371
1.5274470675287322,10.531115
1.4985373617556648,14.831212
1.277421352033103,9.309482
1.4104255736546774,14.710372
1.3816980326778827,16.910894
1.243693078873813,7.19481
1.3131416126524038,6.680398
1.2047403075394603,4.9949408
1.2903662720172455,13.459425
1.237291497508188,7.525532
1.152812536446349,1.1817583
1.3758044378887995,5.8574824
1.2253812151257293,12.697177
1.2766293551841872,7.488927
1.190006229458551,12.806369
1.370520169503396,17.773874
1.3757084366525671,11.895
1.3361443023977273,8.069
1.1921456775564718,8.2997055
1.215770938589015,11.211605
1.160542831580133,8.266077
1.2233976072736445,9.707322
1.3013699446345985,9.666671
1.4436992514133333,8.989917
1.236903411912481,12.897175
1.4564691334024435,15.73502
1.3811591843609492,14.963047
1.4082116516243406,11.724383
1.3602203697147024,7.006956
1.3159862641910405,7.2384906
1.2170373806233228,5.298328
1.3874169348512284,9.073502
1.2542126182611932,3.909867
1.3771959798352627,5.9352775
1.3470510071108237,11.062172
1.1149463296759048,5.9058456
1.1907997395163028,8.642222
1.3035270165716917,13.499079
1.0595608454215606,4.028673
1.1353265801747516,4.631265
1.0903616473940947,5.499393
1.1072723520724121,5.883292
1.0306903254851958,6.3826857
1.0798872226390983,5.0240574
1.1152963087390106,10.080637
1.018364423206208,6.7903743
1.1470471396667086,11.834553
1.2141976545181703,14.262334
1.2734214824189103,11.233965
1.3146945430563368,13.136146
1.4680974495602748,12.39942
1.3705698515348668,8.688873
1.2184285748597905,7.93318
1.3438919511780045,6.5004997
1.3409287799447667,3.2664495
1.565009125460789,2.5129893
1.4381738748306583,8.391819
1.382032107851716,6.5713778
1.3043526383679838,8.078343
1.2475517907077711,4.1644874
1.2865741523106622,3.281981
1.1754149629791173,1.0717406
1.177611930226053,6.631539
1.173131280213749,4.725362
1.1657244029889098,4.4823165
1.2518059991432824,5.332885
1.2346448106428052,8.361036
1.2056885124951902,4.6865664
1.153416986015099,7.633772
1.173262155,9.121369
1.277409661744708,9.04986
1.1715913327290821,5.8055925
1.2564329098184928,5.7291274
1.1786709815888343,4.882402
1.224032231529327,7.595952
1.2819620956463904,11.349529
1.2750594337955148,8.814424
1.191232753792317,5.4535456
1.2488275530846031,4.5102277
1.2428919740903048,4.074807
1.2449031695132284,3.9941058
1.1801428410827264,4.4218135
1.2272817089028156,5.886385
1.0770538049405358,8.309219
1.041505190837822,8.578166
1.0359061872379456,7.5947576
1.0605188175011162,8.229775
1.1210693917099845,7.9130125
1.0602630874370498,4.9731355
1.047456349881487,5.967267
1.0444313572867132,4.391746
1.0433572726229177,4.4361134
1.0456122917288466,4.1454616
1.0385316232728554,4.9896107
1.0539115543559177,5.277612
1.0447758088666508,4.432947
1.0383811061156956,4.9150424
1.0451585834991952,7.1824045
1.0455329939331486,9.205056
1.030331690984269,9.167068
1.0292313103974764,8.771151
1.0321563263663023,8.0341625
1.0436901625658586,8.419909
1.037461906821656,7.701746
1.0540474392963204,6.253738
1.0676868056355884,10.129513
1.0556155035989268,4.028015
0.989290829,3.7000575
1.0430089209964433,4.269683
1.014979234265507,2.569241
1.125491131343242,9.785996
1.1000999747241658,5.880461
1.1129841359658597,5.155913
1.1033779297172468,4.5445943
1.1340880863874474,4.2751465
1.120657690102541,2.9081395
1.0764202659180635,4.3877573
1.0984672686978196,5.3418717
1.2791340977258299,1.8959799
1.2788453061725389,6.57164
1.184722245609414,6.6985674
1.2509940838879556,6.4721727
1.278024441048301,10.016264
1.310852641555706,3.9406347
1.4084984764227715,6.230324
1.4123761574569913,7.7882605
1.4566451091053445,8.29184
1.6163430114965778,12.15749
1.5050413983993185,3.074548
1.3039784185345311,3.8906286
1.122358477215404,3.465211
1.175490803453841,4.8216944
1.0780475103586968,1.4504434
1.159902158039443,7.6161957
1.1157819084469247,5.0895567
1.0789877857046841,6.692812
1.1418339059207974,6.968979
1.0793036265767337,6.931746
1.1885879985328827,6.4142137
1.1612677403321698,7.226013
1.2583199771668168,6.46402
1.480915378281712,5.6365795
1.658938778622399,8.376656
1.6500507411375385,3.9019976
1.4382882034528932,5.3539453
1.3149801313445408,8.647812
1.3513727518874217,5.6827602
1.3461565760878609,4.5195384
1.5719546515876863,5.2606554
1.389452340043848,5.4369874
1.511709689851014,3.5373473
1.230104501381683,4.634681
1.4894794172949841,3.3601146
1.1912400833581023,5.030171
1.1019092654863472,3.3975475
1.083725245806928,9.145391
1.1665187733404099,4.8569193
1.8158874619902703,10.317638
1.8713495859807057,8.2066145
1.6781131166815781,3.8437648
1.6483378431866054,8.318361
1.5413356557190774,3.9130025
1.5881928761128778,14.435949
1.7079494831363642,2.7812157
1.5028815993559217,0.2006663
1.324013163351856,0.23098387
1.394909193281216,1.805625
1.409136163058326,1.1395862
1.5950615871001177,1.5556103
1.422473594342412,0.32374156
1.5684091618503646,3.5773385
1.3707426155614557,8.156419
1.377832270787454,4.271288
1.3914813091917986,4.5898237
1.5256920745680647,6.5608892
1.187937644903633,3.7750099
1.3400207630012113,2.4215467
1.2291232482991268,4.096199
1.326536732737417,0.7589154
1.4842384303483092,1.1021496
1.431572573541814,1.1706197
1.3850815845561042,2.8498178
1.3082107430364849,0.56389654
1.3867618584447372,0.6492973
1.2738516890256377,5.1596117
1.584893297,6.2886543
1.6540282685790757,6.5297823
1.7361705466499933,4.5124836
1.3676744163871546,3.55391
1.2453768318470517,3.1371388
1.3758731798005766,1.6896911
1.3594243308537546,3.6122308
1.6979592411714308,4.62479
1.4574171524071682,2.740752
1.6162415475876697,4.676165
1.4726165100827082,7.0706534
1.5123220267828439,9.980597
1.4237771825357948,3.8653474
1.521166665,6.0731525
1.4229286641026357,11.428535
1.3954245440795296,4.585413
1.346522027037133,6.1763616
1.6485645164719578,9.3621025
1.705590445,4.8326626
1.5602453620826788,2.4437978
1.577641976473711,4.278425
1.4591080594093109,3.000156
1.3225858763232767,3.6936417
1.7504676015586498,12.07328
1.477749637666781,6.894332
1.306468085487968,1.6975939
1.3243190875229713,1.7179692
1.1931212235282402,8.366402
1.525471015620489,7.9028044
1.1595885639418946,7.985207
1.0525565265738668,10.771643
1.088579104330319,11.013055
1.1445911482730389,7.683544
1.1156385673865048,8.931957
1.1604190958716345,7.530757
1.147459555829486,8.100165
1.2043569635395943,7.055068
1.166049215207377,8.801412
1.1303717880168633,11.345507
1.1435629197899129,9.750549
1.1723747809682843,7.509298
1.252264175036978,10.429951
1.216123587952376,9.999223
1.189981999338717,12.140992
1.133693936637133,11.288289
1.1070797799035006,10.517443
1.2034075213813227,5.105624
1.2340627732352765,5.588599
1.210824146382682,8.537856
1.279377426895568,3.5226161
1.1314140649630966,11.169531
1.1558025437640564,2.138536
1.130886087876295,7.6291
1.246032356952085,10.199974
1.2323911039843916,10.533925
1.2038999076971222,10.26156
1.0998239746255034,9.67075
1.1196464444726708,12.07674
1.3327189803336028,7.9941173
1.1393531347449688,11.771771
1.1667042217918022,3.9821506
1.144337142694578,7.43736
1.295038969960207,5.1692204
1.3098812729142544,1.26052
1.3012891022612905,10.199614
1.1681630787431716,8.2793255
1.1474311900003462,10.062189
1.3165678836737287,5.909833
1.1125100563181871,7.645053
1.1924068699072212,4.064844
1.151903568445014,5.452423
1.250303476507897,4.392574
1.1821240514292437,2.500009
1.2006103057744253,2.1093657
1.3455107827751245,5.575733
1.5519402514509155,10.572481
1.8148640994013476,9.410358
1.890777261186177,15.867796
1.3782328899009169,8.7248
1.475592582740969,8.943783
1.5769136210104784,11.538992
1.7095295888539217,8.798305
1.6486019208176768,4.23855
1.6094786876264937,3.7994342
1.7290452760879913,8.012363
1.687966839000533,11.392759
1.7897551632800326,6.6593003
1.3408051794906541,14.461558
1.5951976292154175,10.575062
1.4739165003828145,6.1927085
1.5681283348368278,7.3749137
1.5036726706685473,7.9474745
1.4092768275640706,6.54737
1.587140507084471,7.124117
1.4822842952208286,3.185705
1.5778891907594759,3.049796
1.4778309790253918,3.1027265
1.362926290513541,8.523699
1.4865872370144613,9.383552
1.4606431046676218,8.247093
1.5642218772273182,8.758359
1.4725973312699983,5.523272
1.3157479221859765,2.385193
1.2769061725118895,5.352251
1.424307564440726,2.5686944
1.3281980277395689,6.4092445
1.3349654033892022,9.077038
1.3270777993882223,12.724949
1.4136702751024017,7.834859
1.2892844703583073,11.20392
1.327680877397837,4.3871927
1.1660645221159602,1.3135022
1.2552395023872838,1.5900491
1.1147942791684151,4.35238
1.291987884,7.188684
1.2640948585536633,4.5982695
1.2291182225779358,9.749044
1.2410344973062457,1.1054949
1.2759944586860537,1.2019374
1.241143007,4.8554955
1.2609718966259653,5.2238393
1.4159762729440082,14.863871
1.4076998884831766,16.496553
1.6523255926204812,7.0676713
1.4571084179581348,4.628508
1.4131414167336935,2.166456
1.4807174997387582,4.476621
1.7689706343883347,5.2877383
1.5444985059375456,10.985959
1.3736935361187166,7.566743
1.3405222599412698,12.689816
1.385828761,13.64739
1.0935288168937196,2.8675385
1.1805814906255643,5.3377743
1.3263204309651977,11.873884
1.30847217,12.013872
1.3933758323115784,15.120169
1.332773669279914,7.936215
1.1239880154766224,7.3140335
1.2189057878225955,10.323405
1.2774304384253712,8.986042
1.3113714566839942,13.029401
1.3636232392662164,9.381132
1.2115935609776147,0.94864404
1.2928480495816623,10.778302
1.195781353984299,5.469119
1.3007979614050746,9.343147
1.1816612216136637,6.756506
1.146820642071461,5.671783
1.240205278883584,4.483822
1.1724562543647616,4.9765744
1.2163481757841328,6.290717
1.1624198265262338,2.0264437
1.2323941472596485,8.718821
1.3074754128211992,13.799581
1.2296021581864693,4.3360405
1.1532633368880492,2.733522
1.2401659003324452,7.109334
1.1460818627179898,5.634889
1.2206601001340094,8.491189
1.2364520539779051,4.6368427
1.3073462657722144,6.8888984
1.2572865530724682,11.658845
1.2516363137896864,6.369703
1.200301910790802,4.741026
1.1483098477466611,5.823196
1.1389072716880955,4.8286963
1.089247701400486,3.4150717
1.164163129426598,4.576108
1.1128973049823623,4.195565
1.1608301479928897,6.241499
1.134052086712843,5.7146835
1.1516456804185786,5.071931
1.0961116607743264,2.8773494
1.1579783616952974,6.5170774
1.2066756648225758,8.790389
1.2532307764501407,6.3404346
1.124823538186329,6.837149
1.210558855964206,6.1928887
1.259585285418855,6.1458974
1.1859820913829686,6.038069
1.2347559119953728,7.336606
1.1321720333896812,5.7797537
1.2500904888147395,7.853125
1.215448644,7.1301675
1.1385463761899772,9.155381
1.1381286478051775,5.1417074
1.1846197469755244,7.421181
1.0754487746271648,3.596614
1.1814432440676654,3.4503403
1.2243923737047557,7.7006807
1.146526935495613,7.3673115
1.1991884211579302,7.4368258
1.1434506014574684,6.6661863
1.3013503229203387,5.758382
1.159245955199702,9.382694
1.1727483144453676,9.760605
1.1875270404852145,6.367526
1.197376529186252,6.466893
1.129439687479157,6.1990733
1.0915848130410655,3.6037488
1.1820643159072552,6.2808266
1.0894146255701647,5.214926
1.0712323767194183,9.270899
1.1179186674081494,6.7023425
1.1166169750896495,4.5103106
1.115627660336679,7.8456006
1.1057220553469795,6.6116395
1.0895190175719516,4.8793116
1.062632103753095,3.8796244
1.0585770148807572,7.1378217
1.1065337007651088,6.3962784
1.124385333141835,6.0900116
1.060945241536849,4.9551673
1.1031052237691639,5.195611
1.0835851354369916,5.9879904
1.1337365406441897,7.158753
1.1571002104686807,6.3673286
1.0677859777562644,5.868467
1.2771301054335007,9.636141
1.1379669607932692,8.794816
1.139085271986593,7.2401175
1.0854627417476828,6.738305
1.082384800779384,4.465879
1.1072663780396854,4.69849
1.0473516087439563,4.8545356
1.046954592025636,8.902074
1.0339603444363066,5.832377
1.1029452893746743,5.8157535
1.1449666519936492,7.3116307
1.1179733237386964,7.1938744
1.1689332683230997,8.465172
1.2372347508347201,3.011767
1.5508825060784568,1.3778253
1.4071430838729988,1.4423013
1.413977077891817,4.521639
1.3036058316500654,6.8706813
1.5779304630866484,1.9293962
1.573445575654669,3.3433237
1.304280741392483,7.7652006
1.3877081010118906,2.439488
1.2626881940812946,3.2130423
1.1452941334845723,3.3918176
1.2827732481399794,5.856364
1.219470661325426,6.518137
1.2165873534176448,7.9063883
1.4638526588837428,4.318694
1.4298226243866765,4.19623
1.458781257,2.8736212
1.5581550153206025,6.9125404
1.8161781040697347,6.1358232
1.578114293781593,7.7600665
1.3024397376508299,5.7567387
1.270433333940471,8.712407
1.3573992028863318,6.425646
1.317646600774638,4.1565037
1.279467822888167,6.6895137
1.3535618085588474,7.205141
1.1785001851419816,7.3258715
1.4901075096058456,8.322799
1.257849482466241,6.5719953
1.3829667412166073,6.951185
1.2411276276719443,2.8159385
1.3007752099762044,9.474257
1.3670762669117182,3.7636533
1.2409761964841606,3.2417674
1.3098849029068018,7.590229
1.173507359,6.9900637
1.451638972531716,2.9069023
1.338951084310301,1.7301412
1.4550214080903532,5.5184727
1.3999365436544844,2.740364
1.5542409725074946,5.9683576
1.3075865308910914,3.4288821
1.2421734804159608,5.4695754
1.2978915782274414,9.634603
1.2474770597812825,6.480689
1.3099068136763703,4.897785
1.369407900497921,1.0006973
1.3941424710047692,1.1342344
1.2709407233031145,0.8263187
1.2513994302275768,4.0055113
1.1598853357546428,4.469697
1.260229324937644,3.8423676
1.2214892437458331,9.473883
1.1431925333665416,6.7280655
1.2458194351749203,2.1629164
1.4246238571415852,6.975937
1.3063118246188932,4.4206214
1.3187237743070768,2.660667
1.251428438683362,7.785384
1.1687734985132856,6.789254
1.3408705235938685,7.4240017
1.4665501209199945,8.239312
1.5801989797157294,11.888138
1.4083149004216098,6.5190544
1.6658244381535219,10.12632
1.7311079934918374,13.158045
1.6533577760821447,16.330328
1.545449122,7.5390525
1.657855275804217,4.972787
1.3156724648321059,5.5579524
1.4808585057172474,6.102669
1.4352832979680268,2.6838112
1.3448129955338732,3.1225133
1.4056458956613302,4.9936695
1.4943943984424541,3.3567903
1.5635225430671102,7.712917
1.4422154587566864,8.492604
1.445959583469977,1.8204852
1.3660864170811309,0.9615518
1.4313970133532257,7.6429853
1.3935073721234068,4.548878
1.5155088583144778,4.975231
1.423867244396156,4.6554165
1.4306952696866821,1.1504756
1.503407831641846,5.5472317
1.5651294234064754,15.844042
1.2742322548503262,1.8295289
1.366857414435443,6.169503
1.3786952663311862,7.9154153
1.4495177384905231,8.658058
1.4421820596766428,5.712818
1.3391644318604068,2.9783204
1.4890983955623853,6.439047
1.4619221013940757,7.7868376
1.288296180149018,8.12278
1.3065395939807514,3.9024146
1.3621609396179168,3.1786785
1.3302940258159859,7.272261
1.2037651416356825,6.502306
1.2328343115218805,0.8190031
1.1559053954643448,1.3900266
1.1812326002167612,1.4131255
1.2105541943352354,1.4621766
1.2449903019510182,0.9794146
1.1285617711625522,1.3676847
1.1986903662927904,1.0418295
1.1938538462704211,0.8226397
1.2938036114460458,0.7466061
1.285631555208066,1.1191444
1.2728919332624906,1.2056549
1.1694638097983203,6.2525296
1.2994787620561814,9.425531
1.272351242,14.467556
1.2717915970346043,2.546297
1.2184719692524655,4.8267374
1.409498873580832,4.9684134
1.234985138101542,1.2940518
1.1974384235492905,1.4603171
1.4532239452996094,6.8882875
1.3987314577641854,5.2175407
1.1464174618952614,4.7825513
1.1844909347185666,6.601411
1.265555146,6.214987
1.2065076908250731,4.4496684
1.229328866357491,8.924575
1.2417947861521967,2.2416031
1.1820838484202572,4.9410505
1.229933979411457,2.3380475
1.385922788401137,0.16514002
1.3722716033950184,2.242618
1.3216296192983545,3.3759708
1.190166958792228,4.0840006
1.2011806609100064,5.367585
1.208608629,11.848257
1.1766328221200744,8.729273
1.2258173897205407,7.9986253
1.134566903802248,4.338381
1.1739053989160506,4.911237
1.2360096673244632,9.069344
1.4609680040057806,7.539304
1.2807202087423255,13.75947
1.4760587671926455,5.2929125
1.3148579549276727,4.042948
1.2056858520084295,5.011281
1.1223092553418716,9.767738
1.1799462761468136,11.7044735
1.2419700227683803,3.8125536
1.3777462621118013,5.206609
1.3657677798826555,7.7981615
1.2410453213997803,1.1219146
1.285504070732984,3.6360295
1.6450380746388655,1.1859498
1.425828586,1.8019325
1.414109602364398,2.1614537
1.3169662587931465,2.4764721
1.4816175077737828,4.354403
1.520989859508568,5.0519857
1.4396678273464478,7.915313
1.4686645577002426,11.956699
1.8555167055370676,18.931602
1.4352717845038745,4.683819
1.4452269403020226,3.8150773
1.3365844877641182,3.0551393
1.4076714269376474,6.6136255
1.516829918953315,5.565554
1.745495807865062,9.031078
1.246471140350845,6.3246236
1.2427952226292802,14.084513
1.6961186556037242,13.477898
1.2406641947509327,2.2645257
1.4999774133242658,9.455975
1.4533551058989165,17.233786
1.6985700804241284,15.274001
1.376621429083631,16.078356
1.767376868539386,9.694227
1.9228153272087247,10.623925
1.8426473535655195,11.318061
1.5779655413340712,3.828865
1.412130209783232,4.581109
1.8374480299124036,10.007292
1.650872168474126,5.2324405
1.5672573046329759,7.479374
1.8409290912287504,16.816353
1.6362336995324904,4.461808
1.4303355874017283,5.0889583
1.5125373847622452,4.256544
1.5152056117914448,2.5225167
1.5022019365959332,1.3288941
1.464249115305168,5.2560253
1.3166976546027072,1.6841062
1.392073195858768,5.2034426
1.4161093966004665,3.3739219
1.3765737386133712,4.0025625
1.3650914875006703,3.5020137
1.332237736179531,4.628301
1.3928065821673228,0.45429206
1.4033932319130882,0.13732935
1.3336254469359394,0.5250112
1.4815770088269564,1.7253178
1.234342275831478,5.772792
1.473915940208392,3.8109734
1.5207478150633598,7.3352385
1.484980339,10.25322
1.186772178705461,5.2838874
1.484967122867084,5.871134
1.480010369093554,15.44417
1.7185406767920213,12.989983
1.809557355308567,10.583658
1.4475781832166594,2.7444735
1.640717899050633,10.101959
1.5544276890509818,9.563186
1.519168856,4.2209263
1.2701190546003178,2.7837307
1.3693971095442277,0.6309753
1.2793104205786034,1.2836143
1.269879379149592,3.3506126
1.5612575524593868,4.373018
1.4545529805549477,6.524627
1.6151519730014317,7.6195083
1.5695210581687677,5.3506308
1.4411954929972746,14.246943
1.4378146979428545,7.8395796
1.4432652977932663,11.068546
1.346287480734299,3.6826854
1.4969921909786736,5.612699
1.6118696948691607,14.998085
1.4593775718158961,9.152038
1.5350498585055088,7.2716002
1.5829728235297698,10.842839
1.6772158683279914,7.230995
1.4923818068865424,4.3711896
1.4750809355700092,1.0829142
1.3928189001068179,1.6861444
1.3594706009934463,2.377585
1.413757227311787,0.8592863
1.3727155853286352,4.097444
1.3479115143055045,1.3944713
1.1731387076899127,1.7931283
1.1803090933909857,1.5361633
1.296432070486081,1.0447062
1.3017563701746808,0.7498067
1.4001412083562035,4.41349
1.3010644890002283,0.70531505
1.2875735399360801,4.381114
1.2705822590522478,1.741163
1.200079549040936,5.795592
1.2181894861764886,3.9215112
1.2039004223426286,5.39362
1.3135131866260346,3.4106216
1.332391537412421,2.70547
1.4521992956664778,0.99212015
1.4729160436228754,1.6134181
1.4463524820000444,1.7166303
1.327326849477866,1.0191774
1.2986393254941644,1.5501074
1.2844593137690066,2.932729
1.2696524198171495,3.9863415
1.3174983655141326,1.1559784
1.2688758091213241,2.7200463
1.2439719766284265,3.751141
1.2385739243240936,4.3530145
1.3072404918586913,1.0480375
1.2467189768252116,1.8979127
1.2326686060947654,1.9483001
1.2893962325331885,4.8163943
1.3131993218712175,1.8238289
1.1390243008924208,1.6241332
1.3216416107820501,2.1771057
1.3287951051701565,4.468576
1.2845180869411532,1.9891887
1.3797745266877652,4.9482746
1.3853971435792818,9.814822
1.3268757871793595,7.7257404
1.181157776880926,9.591931
1.3873392397145998,10.022344
1.3816032297360723,8.8583
1.606744999496725,10.173779
1.1566358354015018,1.7062079
1.2409428826080466,1.5588309
1.3789003968783236,7.1612005
1.368938140552614,8.160246
1.3389615712756502,6.8726463
1.3907087428813292,2.0846343
1.3229728137949186,3.5913956
1.186636257649166,4.220387
1.2656390327171387,3.3740242
1.232527138190417,1.8033794
1.2316211022537422,1.4120781
1.2591221924112341,0.38470158
1.2373499423178436,1.2876247
1.231348547892695,0.5928651
1.179596257986616,0.60975873
1.2580386569745725,5.7890396
1.345216506671565,4.5743647
1.2138479286401225,2.5165193
1.1923007787429254,2.6264813
1.2480835199707707,3.1966999
1.2513118236598035,4.164944
1.1738545284485213,4.0463004
1.2473695629396386,1.479238
1.2457643739290116,1.563245
1.259572864778522,1.8253987
1.1966086811432712,1.9894891
1.1566033713851684,1.3279483
1.2636656044567585,2.234148
1.2556314271614049,1.6753347
1.2267942502909577,2.7494855
1.2181586128477213,1.2363795
1.1922593615537265,1.8087927
1.2111033397390856,2.590499
1.2566492056280096,5.738721
1.2531776861259278,3.0716238
1.3000724146190277,5.8696704
1.2056452765592172,3.9375498
1.1847176743786632,3.2440743
1.237572465745133,2.2950072
1.1677219404713133,1.854947
1.2494541645840038,1.6010886
1.2287260888135731,1.9849026
1.2422824023640673,1.2229468
1.1684177008282455,1.1353258
1.1256657599543287,1.6828372
1.1743665138480932,1.8291757
1.2204067680130486,2.1032913
1.265407848440733,3.0408983
1.2077878701787315,1.0957884
1.1792023878511193,0.24654613
1.128554725706314,1.3718185
1.2009014152597839,1.325838
1.1692563171515122,0.7835821
1.0939244438093108,3.1019795
1.2117675075221686,1.857825
1.233180698927165,4.5533752
1.3507373651438892,6.047507
1.2803426343248605,5.514333
1.3110149513786935,7.6640644
1.128772804219693,1.2471797
1.1341294848252286,2.2358127
1.1574030634655814,2.6292052
1.1954769745085467,1.6550374
1.196747168,2.2133372
1.1537741198211648,1.4662423
1.1390450614342154,1.4244415
1.1690701247506243,2.383799
1.2603286168717143,2.906167
1.1483038717215623,2.00404
1.1888686608698464,2.1662526
1.2661265719971524,1.1412446
1.2908703424792278,1.1536247
1.216062857929424,1.9013233
1.2262504271135826,1.4130183
1.2366809363158826,1.6574531
1.2336396787926862,0.8437814
1.2301298666661573,1.6915165
1.164006766834524,2.055567
1.2048574970963126,1.7834325
1.2205536662333774,2.2774296
1.1836989343594604,3.049531
1.1068692364077344,1.8612434
1.1425757385817605,1.6769941
1.168105596423664,2.4814267
1.1887675243560663,4.6953893
1.1197046250029001,0.3550987
1.2173333984470711,1.9864105
1.2235214598533812,2.5222557
1.215727095450515,2.4082484
1.2694215334860948,0.7012472
1.1554078474117575,4.5043817
1.1947326750326168,4.0453935
1.2372286635376308,2.9244268
1.2633807693916572,5.0365853
1.340243835683799,6.269616
1.3269449332885852,8.278206
1.1384041776560145,1.4232203
1.18276108,2.0906706
1.1557130581413992,2.0980294
1.1359098355360193,2.4940348
1.1654579195301982,2.0405147
1.115832076240396,2.4971259
1.0889450158999845,1.6118469
1.1861838172403927,2.3465273
1.1788072792232054,2.2440646
1.2296306166762505,1.6771128
1.341924789,2.1391685
1.113080384625501,1.3999736
1.3088344955238713,2.6489103
1.238393273893492,1.096668
1.3060941283273726,1.3663418
1.2605126080583877,2.5785398
1.3590465831290914,2.2437274
1.3102907215820274,2.5119889
1.2294687119751142,2.9642084
1.2557402810362868,1.8466635
1.2580630194660378,1.9791534
1.2040423240572657,2.1657522
1.1963054289878714,1.5497984
1.1546528411680907,3.1735473
1.1479809123027043,0.49523193
1.203045451371846,1.8425206
1.2043946459311075,1.9778668
1.1933807990208956,1.3845592
1.204907544276896,1.8929027
1.1976159005322256,1.4255699
1.2012612348284808,1.1971275
1.2019402742544998,1.9266487
1.236992145279402,1.7506014
1.228472372762981,2.2339272
1.220765812020173,1.7816075
1.2210711400210494,2.68539
1.2383394169929982,1.5332375
1.2423341785802018,2.7504723
1.2029238453984255,1.254737
1.2636649392400217,1.1867397
1.1944564221809484,3.284113
1.2367998504338003,1.3778806
1.1787278029835642,3.5098877
1.1899402664022285,1.667288
1.1962768107445538,2.285992
1.1917401446209024,1.616385
1.2479131774326304,3.0684252
1.3039502245092713,1.6333767
1.3009380480518866,2.952228
1.4841029651329891,3.387107
1.4745945759773558,5.5720234
1.5527292394058654,4.97095
1.4534854823737136,4.711952
1.5208389338402912,4.3388414
1.4288292247664385,2.18356
1.3990199138471047,3.4504178
1.4133630818392968,3.9433553
1.4378747444719784,3.5736914
1.347206764978283,2.5473416
1.3797962505696295,2.9747646
1.5649907880176286,6.652808
1.4870532535740413,10.809651
1.7229546103091846,7.201185
1.6639921656950343,6.2909575
1.4208428698043178,4.917411
1.747806566096874,7.9181824
1.3908438935280056,5.3674183
1.4606393309484347,3.739119
1.674488354545472,11.071017
1.6037105929875637,8.350421
1.3640213626570328,5.2850933
1.3132277408782052,12.643562
1.2894637935360254,6.466728
1.3899341503611873,9.599779
1.3762015616033578,3.3085892
1.5297139990926998,6.150684
1.6355532108351705,7.301423
1.360394284632872,5.5315027
1.2320116777684258,1.691966
1.1917431722348413,1.6965389
1.2787642362983072,2.6035542
1.6157161542857632,7.406395
1.6466471806358476,3.2197423
1.4388113074415743,1.2578564
1.676094482476861,4.6622477
1.4346998066972452,4.6095905
1.5675056321900054,4.8229647
1.7292500783846332,1.6917332
1.5952215099906464,6.004819
1.7123267927347334,3.9417787
1.6950649214422076,9.2118
1.574377661635496,6.857848
1.6771981122882997,1.8546585
1.451628187809094,5.2009087
1.5039657046194237,4.8703876
1.8106524231857635,10.183067
1.7481349830495843,9.147744
1.783823131260661,8.9123125
1.4882678028767904,5.641023
1.4524669350779709,6.8896904
1.682835336651404,8.51007
1.667629912,8.077999
1.5674118088971571,6.69497
1.3457032237411022,3.3157501
1.259289633475349,3.0998185
1.2591279564017746,1.3800495
1.3460286578943432,4.160548
1.3047730134245012,5.0624657
1.271183990283944,8.303016
2.1984301796729184,8.083812
2.4966389827806994,11.634813
1.9826876690920685,9.881426
1.447023216023643,14.946786
2.0617776097895706,8.068886
1.7773944803959958,10.214869
1.6948846102575637,11.093048
1.3738832541954438,10.659998
1.3227475957266035,5.2431498
1.3738448200471567,2.440032
1.307181837,4.3094053
1.3422970811642585,5.1922626
1.3004243967699793,3.632605
1.484737616475321,4.0114903
1.5851956397359854,9.460034
1.7359302898364724,11.027854
1.6237250290145828,7.814744
1.5895725449255331,2.976295
1.8415908205473708,1.7632242
1.3530055163363157,8.338098
1.391885580902256,6.7920694
1.3748535707314582,10.517057
1.6483910874207757,8.563457
1.487653038686796,12.980651
1.291873095110531,5.2031965
1.7572453751708346,8.642354
1.5568082783940569,2.3102188
2.018179444929642,4.629825
2.2952541299310774,10.2494335
2.0600684742162163,4.1780205
1.7712576826578506,8.668799
1.6849420592409003,7.6942925
1.5987207918855728,7.3206205
1.3837483819840117,5.966956
1.3679876113160967,8.140736
1.7743476479396258,11.709056
1.845328514012541,8.609805
1.8792813206775092,4.5062013
1.7981686242019175,6.2209835
2.1036422225287508,9.5860815
2.543368638062423,4.727526
2.1308766008362467,7.1318574
2.1904563689622996,4.726801
1.388117503898216,5.7573156
1.5946048561053292,5.231621
1.5524162860662007,2.7234058
1.3764026321223886,6.4579906
1.7301390674025612,3.504453
1.4396693341501186,5.8924932
1.8222633351573594,1.9923646
2.0715317450316135,5.4584336
2.0216649570312546,6.9038095
1.5542837512138763,2.557591
1.543499717132595,7.051074
2.018628442916454,7.6082983
1.9973784527720477,6.1585
2.035485998113454,4.3153176
1.823644355415113,0.4335742
1.8631522053926035,7.127199
2.4843514427024167,4.588851
1.926826329,5.6702027
2.095473598285931,7.663751
1.7844639865499048,3.7693684
2.0179521793866426,3.8044283
2.1552081684764643,6.692114
1.8311629789414499,9.803263
1.8519382139203822,7.407705
1.9788784747719232,10.448552
2.0591703980906217,7.9536753
1.9058238822287508,2.9851456
1.6053141911702777,9.824248
1.3392601400632065,5.3393874
1.5358864470789713,4.2474833
1.5367873598588229,8.220622
1.5504058190130308,3.4738493
1.6840043092134724,8.212671
1.8604854131712798,7.4855337
1.928818816391495,1.826885
2.1840574291781776,3.656083
1.8702339515009438,2.0378883
1.6313124697514252,2.4750192
1.5704345427214996,1.0152636
2.213104246277734,0.9578084
1.9909368307443505,2.5488877
1.651667788039247,5.015967
2.109217361301317,2.4450045
1.5706489243121953,1.7824879
2.1377986532656337,0.6252248
2.3781566585245835,3.2735815
1.2918409049526725,8.517603
1.5936442419816685,1.0476524
1.8032992135175523,2.3518405
1.5683336265603336,0.9918941
2.098180209375329,3.8728251
1.9414038465936196,3.652203
1.6130611149174001,2.341928
1.737488940058576,3.2444103
1.3175418784805366,4.073631
1.5278782863027909,6.361173
1.4183270009585778,3.8321452
1.4326549028727258,1.9601508
1.6421010013915556,16.973532
1.7841865896838485,14.13523
1.7772580239642388,6.6293774
1.7904837271911473,8.74017
2.183216422,8.219396
1.6352551170771026,8.248997
2.0333671474832604,5.728559
1.504607612812325,5.859062
1.1859040510871355,6.7441955
1.26884194,6.5290246
1.1938579114553873,4.680131
1.2321840615791786,5.637084
1.127674951314301,7.1288733
1.2094931408617249,8.594699
1.1244253790009808,5.11484
1.6574225688259083,3.9435825
1.871311885609267,1.4378755
2.085101338267047,2.336339
1.6637748321866281,1.0805758
2.0327191574561185,2.9811127
1.260400927582253,1.4456327
1.327375537743275,0.78100747
1.451583273883635,2.0514283
1.3900787679555964,2.7191362
1.3004419134598404,2.4203675
1.470175958,9.561952
1.2331791634656941,9.895252
1.1878372902059262,6.4057283
1.1894622338442795,6.279329
1.211497393992496,2.9128218
1.6305723643467338,4.6181397
1.778649173122412,3.6473289
1.7700043401764658,7.350357
1.334557894317069,12.608215
1.3384876034437252,5.6764703
1.5487417889906037,6.7284403
1.5710872188736689,9.497793
2.2058475076463595,7.4366193
1.6664886968355737,4.700357
1.5349174546940703,4.1844563
1.9688770462941352,7.443478
1.542697910682748,9.730498
1.1932626916808018,9.010358
1.5329287995489729,6.824769
2.006968432,5.909661
1.902715349,7.221275
1.878698245863946,2.4507742
1.3141512731030016,9.844715
1.3300580086750085,4.4970083
1.3340301929363934,4.609123
1.9096117999334643,8.044025
1.8319145039448075,9.06611
1.8612442255242063,3.604279
1.8071653912645178,8.395219
1.3987293328216057,6.978385
1.2568003116437045,4.44278
1.3083247981948491,11.146678
1.3614936897578753,2.6772873
1.4980110869990928,8.755821
1.739622512128642,4.6051283
1.553598457706078,8.898966
1.9266854387109582,7.6450896
1.3010440987812613,7.366784
2.0363690313521006,1.6278274
1.9007584384847933,12.589861
1.7322761469512638,7.0844755
1.8764513968148622,11.495192
1.8873470717099503,8.910912
1.757363958089638,10.507581
2.0340205004707768,2.567937
1.711509494021686,3.2015054
1.603038863722873,7.0201654
1.5419617506509053,5.0051875
1.4332856711232582,6.9121323
1.239596619,3.421733
1.2315101846607668,5.2623796
1.2073129594524044,2.0883713
1.24088866,5.4901395
1.1139953064088133,4.344236
1.1194701288304287,6.580937
1.2774980959399167,8.210541
1.1716444136616855,7.5139394
1.1531645523395984,4.2888975
1.225775370824054,6.3358116
1.1317954177167089,3.8054955
1.2008987733689855,7.3201394
1.1468578257241886,5.5357385
1.1958116908034027,5.7397394
1.1667049918522783,6.4773026
1.0439822293319023,1.6129732
1.127511296075261,2.4886534
1.1201182100082265,2.1776788
1.2469961446007254,3.0770898
1.177897849686647,2.194385
1.2124963651834022,1.8796772
1.0858620876482543,2.2989283
1.0799635611875715,2.3326955
1.0203398836954447,2.422001
1.1447238927282926,2.415257
1.047003101158419,2.6389048
1.0668432233328726,2.2385778
1.1394689159582116,2.2339163
1.229041316331275,3.6071668
1.1460719620003545,3.864663
1.1286851480731528,2.8472772
1.2046457299447222,5.921434
1.296351665145231,5.730898
1.261130298865179,5.3293962
1.2942743788851525,4.261488
1.2265597246018625,5.1634293
1.1622670055990567,4.0811214
1.1735346596597658,0.6796124
1.0939689556625836,1.1310575
1.1996027137381782,3.1147044
1.227429546987957,3.802253
1.2153779276098873,3.4068906
1.2844623594438562,5.0204263
1.2159449325313367,6.6525993
1.2231721994043374,5.1559935
1.2394493351610953,5.973148
1.2504561441980628,5.0630217
1.10497128,4.7128696
1.0846758163783086,6.163465
1.1099849940344115,7.341879
1.1832075214235755,6.010727
1.2076950889834497,6.59902
1.2241244305705792,4.65378
1.193582282,7.480975
1.2272137819525064,5.5625224
1.3551930138624173,7.614679
1.1363536168688935,5.0722647
1.1813737465698955,8.04887
1.0924332322099506,5.4129357
1.2354680379978322,3.2042265
1.1603728750531443,4.68981
1.2037957227990714,4.2853785
1.2752225131748156,7.7403293
1.1025741017462642,5.6555614
1.2027955428066253,7.5141463
1.1315420049882472,3.4008288
1.2102453277728764,6.6985216
1.1356764647190198,6.0474596
1.112710869786578,8.689356
1.0577679160535143,4.8729734
0.997689831,5.217976
1.0849821744086614,4.646315
1.0301566684449501,3.7456677
1.1343322245069745,3.9348333
1.0789578359155996,3.529757
1.1850498935690832,6.5759377
1.0164267810106218,3.2925951
1.049897854223804,4.3321657
1.2066436908230276,6.297434
1.2093021848714447,5.7359548
1.2140030003395537,5.8182993
1.2594594213602857,3.8290226
1.231110384472083,3.6581962
1.2005868257738137,5.1610928
1.1221963457144892,2.6867197
1.1313822647280676,2.1716218
1.141685755232726,3.6535797
1.1488209751330647,3.2383184
1.1641924879465915,3.548495
1.1605789711435728,3.1616993
1.182603834600777,4.1790094
1.1461307098593192,3.9318042
1.1414992771552377,8.723256
1.1442012178578687,7.380934
1.1529276228277587,5.1532946
1.2762760566791944,10.991601
1.2149058833749202,9.89434
1.2565081893526555,9.535225
1.3457790391668882,12.436289
1.2974684216911148,8.32054
1.4071822536147933,8.726157
1.2925138029278904,6.0739894
1.1028286219660428,2.6929848
1.2628954583824605,3.306362
1.4013958463561111,13.408396
1.3618293877744274,11.623344
1.2293328499938745,8.139233
1.2535611935739222,9.553974
1.3841397058609772,12.190098
1.2428374440079692,1.9355204
1.2086752173803206,3.2432916
1.1420771375294965,0.70231867
1.324413949,10.7456045
1.3578307656503958,7.605446
1.3012313548426688,6.503236
1.2617932636004823,5.902662
1.241929902415405,2.744855
1.1806737889735146,4.246659
1.1977165156706933,2.6778598
1.1471447607614385,4.456569
1.0874942602485014,10.6349125
1.1252225044209334,9.281876
1.1476876381563186,7.2963142
1.0449793608594915,7.203947
0.994295106,3.5055633
1.0034369368617768,4.9375806
0.9945034960686774,6.449734
0.9928985796445575,8.222305
0.9670613718290317,6.2920513
0.9980689003540042,5.5305324
1.1206454497691372,6.183228
1.140732751147262,6.8670497
1.121405342524695,6.1867785
1.0966241521882014,4.863585
1.2444566851103822,10.027701
1.086666399345314,6.229127
1.1927732220548561,7.4701176
1.083619092423056,6.2137218
1.2599836691711928,4.6335554
1.0997368493060475,7.524837
1.1541413906540248,5.6712017
1.1831214539315074,5.804549
1.203641545,6.1064796
1.0137463505867343,3.3153853
1.0222336797479172,3.4232392
1.1759731931580428,4.3425093
1.0538127809520517,4.5759654
1.092145925130027,4.673486
1.0006846074695084,3.3440104
1.0050157021877875,3.361124
1.0061209602118601,2.8901386
0.9951707346494781,3.334184
0.9866651337557273,3.5847063
0.9911251653916885,3.8377423
0.9680415407909359,4.16208
1.020126016498576,4.127195
1.021096520293196,7.167559
1.0055084794551763,6.8619647
1.129494921905796,6.881302
1.2534222887946531,5.953397
1.226863954798177,6.295072
1.0957802335042923,4.891765
1.0590787113815823,7.1177435
1.0830804143079338,5.331358
1.1287559544693584,6.062652
1.1082863458523662,7.333805
1.2275621644699772,5.5055647
1.1274187278514267,5.2466373
1.206874653137593,6.609263
1.0763318483339155,6.5301447
1.1637341213199777,6.938856
1.1349370134278507,5.608771
1.107099915507716,6.736947
1.124199530583301,8.949631
1.2427645713955224,6.016322
1.203600668292127,7.2498493
1.2123647505859452,6.0664463
1.2428583518409928,6.1435966
1.0948887803401255,7.5014133
1.1135071056015715,4.486656
1.1504084158492873,6.384102
1.1304894663953164,7.876581
1.184599654575985,7.6458335
1.2263363520005266,2.70594
1.2587665617271362,1.3342834
1.1456635094351673,3.6946828
1.1781006741290607,3.4129968
1.1475786233407907,5.4741144
1.1551378344272223,7.5903997
1.1358197272938817,5.8718934
1.1575169339965676,8.331221
1.1219923873786835,8.192226
1.0914005375583622,5.445917
1.0639361697779388,5.0237155
1.0851175842963632,6.6947536
1.200712986152002,6.127353
1.115787020480063,4.556994
1.1760745644484503,5.296972
1.1406238690977695,5.235854
1.173047090392675,8.138187
1.1095008881446664,3.9768865
1.1625080084554449,6.348863
1.091096356807141,8.252792
1.2478024537195522,4.486036
1.0843539627694085,6.4279366
1.1369079736823935,5.5945888
1.196640785566425,5.133563
1.1282858798182267,5.3617654
1.1795604286163182,6.4031086
1.1296570098425112,5.4885035
1.2143331270814244,5.877619
1.0955448818672036,2.953321
1.0942216240319722,6.769867
1.1981368361813753,7.7926593
1.1568088152447984,7.407514
1.1752221992941236,3.7111523
1.1657768720919044,7.8292437
1.0441800110739636,6.930105
1.076097945676713,4.628684
1.094257757658089,7.061474
1.0463956597242352,5.0945215
1.1290197163931224,4.824816
1.0598005339641532,3.95151
1.0999017362104622,4.5278416
1.0919747781034341,5.84865
1.0576155139882513,4.773169
1.082581446498383,3.4189641
1.160704251160225,5.2820063
1.2569961744748257,4.438795
1.1013418680716143,5.095639
1.0443332247576602,3.6303504
1.1466290982435487,3.647335
1.127110852,6.0291576
1.1001201854221334,4.6027875
1.1227099846573687,3.2128115
1.0806888228795024,5.8322415
1.0790041902899499,3.4504194
1.0837506117722162,5.364755
1.0991593365205747,4.760503
1.1373840228377408,7.4545965
1.0560677242325531,4.6372514
1.0619007156263187,3.4835534
1.0683233476036686,3.4890532
1.1201618189806615,5.698715
1.2161782129877143,7.1399584
1.1788519208394665,5.508595
1.1697823561027312,7.8158927
1.2480523350756263,5.314926
1.0697165748262445,3.7141893
1.037218138637057,3.6789622
1.0552292056245498,5.807224
1.1338426589205697,3.373833
1.198280724,4.846978
1.1458131302856218,5.691386
1.114397687828245,5.527492
1.0325002122068299,5.4365864
1.0416121607236475,5.009261
1.098016407610845,6.027645
1.0788407350651152,3.7152367
1.0545205708536236,4.76549
1.1263614408923803,4.7558846
1.0243440982892862,3.2060032
1.1723136116703052,8.271128
1.098281958946056,7.0299406
1.1135054753413651,5.0278945
1.1489810831896674,7.5031366
1.1171613909381288,5.9154716
1.1058594952941625,6.7292895
1.2606596127309275,5.1387625
1.0442035315274694,6.6939106
1.1237342040701688,5.352347
1.1724426804105512,6.310191
1.0963364695678695,6.6660285
1.1331748102769168,3.53751
1.114560795950507,3.9818678
1.214812532832007,3.8085291
1.0414817951389117,4.9350595
1.0817575750393953,4.0666885
1.0858232916017871,3.4586167
1.041535176386931,7.748023
1.1770331905941271,5.0728664
1.1053374566254657,5.4285154
1.0488162553870541,2.8151174
1.1894972560729555,4.698385
1.1006760987604234,3.806346
1.0762721877838144,5.326222
1.2053356740974226,2.5213926
1.1424259268802903,5.0107336
1.205292452197686,4.361518
1.1043027516461938,6.431611
1.0561339031516648,4.1198864
1.1753908494037935,7.141129
1.2170137439865927,6.404211
1.1757537257391717,4.9463434
1.1070581130207324,5.7614417
1.120278817354882,5.9829392
1.1010005056971408,5.76653
1.2025306311804036,3.6119947
1.1682169596043337,6.6943045
1.1367585240592457,5.9027247
1.1675462679050588,5.364587
1.2021629602174395,6.7087927
1.1776042515672653,4.140506
1.1705251272041817,3.735425
1.0840334137700185,7.4227424
1.1231473936127327,4.1555614
1.1076237177480959,7.8727617
1.073718796403687,7.567691
1.1132291061942357,3.6804197
1.1971768843303026,2.8901882
1.144192930153624,3.1646492
1.1243957985825612,4.930085
1.1651001081360204,5.5359163
1.095056352464978,4.985316
1.016469769991631,3.0068958
1.0162587145785493,5.175791
1.063379340844314,7.6733675
1.0161152041291832,6.869953
0.9910712213592355,7.3275514
1.0480300867249694,7.549103
0.977078516,3.5689614
1.0393050976364833,7.446077
1.019002791352659,4.6025233
1.0658414,6.714871
1.1170275138531913,5.596154
1.1927323646036787,5.4400764
0.9932685675138074,5.692821
1.1113894289258888,6.819966
1.168441909849461,7.676797
1.0257985279379067,5.1766033
1.0921244463161957,2.6318758
1.1711217706744916,6.596584
1.4661523560425596,6.7989907
1.305785726174963,5.6879373
1.5495120385120353,6.8507204
1.5743597039153374,6.472781
1.5883809011976342,3.093756
1.2774718495594934,5.8356085
1.1789380977384851,4.4784985
1.2420376412977532,4.3715487
1.3509653204339476,5.5462713
1.537581487972394,4.867268
1.278506683686537,3.0748382
1.3931049158117774,4.1161513
1.4591646712340318,4.702209
1.541038411693467,4.277905
1.2293455197843417,2.859146
1.6500706475135785,3.7642395
1.5266580047741511,3.6366577
1.298713582352095,4.0886593
1.2753265621766594,3.2858026
1.2135822107506007,1.454433
1.1997587780338321,2.0196645
1.0520676270203135,2.1902988
1.1479942602607678,5.9628196
1.2664872292633018,4.500731
1.104515589773259,4.979578
1.0468745747756827,5.392182
1.0446180839285228,4.515617
0.9919517253600668,5.2802253
1.037688603963406,4.2061467
1.063138290749983,6.2732997
1.0619104255731049,6.5136824
1.1091741449800148,7.309904
1.1123259346285577,6.471214
1.0775479159120487,6.994282
1.0696802684435882,6.2126107
1.2026175791086133,6.4305215
1.1826009311904446,6.198124
1.1422797053267375,7.757218
1.1513767413889304,8.884427
1.173620859355632,4.347454
1.274263545219384,6.540255
1.1618342946704823,7.412753
1.2656586085257204,6.131753
1.551511193733638,8.595999
1.4657413489323285,5.4299717
1.4316194394310422,4.9660954
1.6341662371330885,5.9961777
1.4293816175680005,5.610405
1.3875586986335855,4.8762455
1.355657461068467,7.205909
1.4841602025490623,4.402654
1.3596987278840855,6.7541566
1.2298453023297418,8.313957
1.2736836939039573,7.649915
1.1155935162278183,8.881799
1.090093141906946,5.8388414
1.079794672118019,6.141149
1.1137742334743668,4.439378
1.2692670668077655,6.102046
1.3373020384894785,6.4745855
1.0522178227008494,7.196439
1.0999389955287509,5.76944
1.515849430008729,1.2548455
1.4549093655413394,5.611819
1.1726969102550961,6.727903
1.295666380206819,6.2074156
1.222344772988284,4.993535
1.2395819056396695,5.1092453
1.5036238496211973,5.5876236
1.3677452653057323,4.0682154
1.256424211,3.8593225
1.3207489027384396,6.6617804
1.2417298882398466,5.5067263
1.2568053851272192,3.6702616
1.1617918038203536,3.5966423
1.2130662743575245,5.144062
1.1819882262938886,2.6764095
1.1476778057153623,4.8884096
1.1710818626421262,6.485464
1.376444517917445,5.429385
1.3048603910800245,4.911933
1.3525823239447072,5.999437
1.2457050811467538,5.8309917
1.1080095083399406,7.5496483
1.1466166457900704,5.070183
1.2152454461897704,5.143284
1.1181521481526895,4.665114
1.0746924247216938,6.38314
1.0431196689495548,5.039769
1.010256569850556,5.4294863
0.9791150393379024,5.441025
0.9926326293269824,6.004113
1.199068145111063,5.512413
1.2854373914734083,5.0267706
1.2963617027067085,7.748575
1.3330902437917411,5.770538
1.3925678009061488,6.8749633
1.0916473002909461,4.213659
1.1080134656636476,4.9184904
1.0523572351294446,4.3688307
1.330880349286566,6.737015
1.2745871508451159,3.6934683
1.4141773978707597,5.900873
1.3320658865430643,4.2408648
1.3747597161053127,6.0846996
1.4394111941820502,4.0689163
1.454424497443574,4.3760166
1.2707074743140472,5.931842
1.152023945655355,7.2621417
1.3129276391912124,7.1385045
1.1810537166022097,9.135496
1.1893680097533543,4.4414988
1.2227168249367908,8.008434
1.3597711576330482,5.4559927
1.3720860529246792,4.6844277
1.2926760208522998,7.35613
1.3265629080423593,9.5638685
1.5843079514047322,5.667316
1.4090251415357116,6.255963
1.676535178,6.367259
1.1546536630697934,3.4100149
1.2310393677109184,6.9776545
1.3333991055757248,5.00486
1.5419664141655587,6.1324987
1.5680713712015224,5.541943
1.6193611630418643,6.456181
1.3138701170523015,6.4908094
1.495565912552583,7.834037
1.4450255454366763,4.9314265
1.3373504103663132,6.660535
1.6128167483325342,6.1307945
1.2362696558846302,5.501595
1.4782426178308115,5.9120474
1.7028323040621434,6.6699467
1.495999738979667,7.489636
1.4023903162036484,7.3671823
1.4717455790007925,7.285884
1.372849626,6.1341887
1.5025906334428099,7.076251
1.4261510939109097,8.343547
1.5169126703127667,7.061515
1.2930495385345624,7.285325
1.426146219881063,5.4146767
1.3265468802952722,6.332856
1.4525416165109484,3.8927932
1.523070749,6.2735744
1.3498282514182125,5.033617
1.4117904305699422,3.766316
1.3305786600186866,5.667443
1.4816179521226234,6.8639603
1.5621972721516142,4.680708
1.21183988,6.975507
1.322570819311205,4.4088097
1.2482799260307316,5.8881636
1.4132672857598014,5.439041
1.3120058495160292,5.859888
1.2126894787547882,6.9876623
1.1919695230954035,5.6550627
1.2116816747565833,5.0949655
1.0787516085061355,4.2336864
1.360964406434392,8.14651
1.360567049,5.9896474
1.1976310966205517,6.5281987
1.2283620988272659,6.342669
1.2133785915437882,4.30313
1.4150210517011363,9.364276
1.099578803749046,4.0502887
1.2300348169013362,2.4917438
1.3995793231552824,6.350339
1.4560510940155773,5.651702
1.1646945842329284,7.9535317
1.2144520176594287,7.766597
1.2396478512462927,5.406166
1.3534116582247193,5.155242
1.374838109536538,5.8720865
1.2315051968531499,8.055864
1.166384443603417,6.564568
1.2944120903318328,7.6876044
1.1596330888817805,7.7717867
1.1667198704533128,6.0781107
1.0854037320920185,6.1922607
1.0188174816785474,8.729496
1.00307292,6.8588815
1.0259215540823436,6.545061
1.142363382982774,6.854477
1.455018667018171,8.778674
1.447664309552717,6.7053304
1.2009349031294203,5.931
1.389414591627159,6.9688897
1.547159457889963,4.378378
1.5406108700743961,7.4799385
1.3574493664483827,3.703361
1.5409990953710975,10.333628
1.5067164209549548,10.242596
1.655289305387929,10.860393
1.189348010884775,8.264487
1.1223386225049095,4.183074
1.1335299451605123,8.294863
1.1021059040928398,8.705691
1.1566438550366553,8.635182
1.2655604977421266,10.460342
1.3941083519420365,10.514933
1.501840761711158,10.747738
1.2223402941674013,9.949775
1.1927974157576902,10.392796
1.371820886273039,11.662078
1.4438883820069142,10.503566
1.554452638734114,8.693932
1.2835243683698443,10.5605
1.6437451664222267,5.536863
1.217691397812504,10.887283
1.4883770192144476,9.856382
1.457396975,6.73498
1.428807718900044,10.612154
1.467621462,9.577431
1.2928662715406107,4.553484
1.3715952926309287,11.146009
1.378576573,10.0800495
1.4229520095803199,10.2304325
1.3600281083190169,9.101959
1.0748472359832792,10.450868
1.0779971889004178,9.749795
1.0740433734389296,7.731497
1.1558660418249629,4.770631
1.0228712806169658,4.2548685
1.2572422919795276,7.0657597
1.096875269393038,6.788311
1.2713961911918406,5.828033
0.9924817804646208,5.8198733
1.0664689610552853,8.671697
1.0597186387213948,8.176442
1.0155320755533717,8.1589
1.0211320317797064,7.556991
1.0409925960780355,6.260278
1.0316890895318542,6.53255
1.0208212958098715,5.7806005
1.0553652447986732,6.732283
1.008549758277866,4.410048
1.0596559450563208,7.1712236
1.0478011037460786,6.2592907
1.0520926924253207,5.6663094
1.0093031277492335,8.667244
0.9959541587731963,7.383963
1.0333672819709305,10.524642
1.0383754188810097,10.727767
1.0652143870880486,11.260094
1.091681165494342,10.332419
1.0340354962562304,7.948859
1.0560244384240307,10.143397
1.041763535,10.947683
1.0851908551940668,10.973929
1.014889787419383,4.713817
1.1628538358984843,11.379131
1.1706563969754389,10.746408
1.0838917314178218,11.260159
1.3637480217117408,10.247222
1.2453275511879605,10.854325
1.393697055494803,9.397107
1.6229999052025093,5.798726
1.3749040881296348,9.029338
1.2643162531721153,6.88426
1.4324085775888877,4.538971
1.3372175902679568,7.4583235
1.3096973237099183,3.343407
1.1489889826619881,6.3425374
1.135583425588398,6.4613953
1.3743609039733935,8.514433
1.492177668832779,7.8640094
1.3636661124424552,10.1616955
1.228537162289176,7.279677
1.2933416036153813,9.757913
1.3839569632763933,5.1565
1.214494862802248,8.418596
1.116182992652665,5.2745447
1.1241734258017384,3.3881216
1.0334617943253634,6.8763194
1.2079544366590844,5.2803736
1.2041887450022002,3.2818573
1.2943484573556765,10.816519
1.1971773544761364,6.388117
1.1609209301175063,10.252082
1.266836832651839,11.262389
1.371016178343982,9.743302
1.3964317427240296,7.5316873
1.4061845812067866,8.439891
1.2264095429254769,7.402829
1.4512137310752775,5.351226
1.2270527893742114,10.788811
1.3316371463188954,8.977729
1.1940844998661446,6.99423
1.219352684238426,5.191991
1.591030050096466,11.792301
1.4733959609641805,10.559117
1.3437279190723175,11.7842
1.173909638386676,7.988934
1.375437753,8.394429
1.4016327494669925,7.894334
1.1835522815806556,9.999901
1.3034911669607476,7.800675
1.5501811849413103,10.9099045
1.4571242565900948,7.4636083
1.3740918444973578,9.518508
1.2832362735862726,9.29604
1.4114916958466543,10.345906
1.309421670280901,8.9966135
1.3762499574360085,10.320251
1.228982441511435,8.236117
1.1207585359286156,11.061474
1.1411729874607566,10.105347
1.0162975936050809,8.506306
1.1282308876733893,8.345715
1.0756601002487365,9.13118
1.3871780603795398,10.442421
1.3706842803783026,7.372501
1.3384333101840606,4.8424673
1.4291960867407756,11.389032
1.4067033005724683,9.853284
1.5889441106786728,10.4997
1.2877946179617272,10.744642
1.4683741837003463,7.706636
1.4482701270057605,9.347403
1.4061426641796253,9.897703
1.4280160686350585,6.925997
1.4709059445153017,9.602618
1.4310973488967362,6.3113437
1.4135185514062414,9.879027
1.1174996216704507,3.4933887
1.2215866566651614,5.877752
1.0799468454379733,1.5358312
1.1387937135905255,5.4072294
1.2178461456427916,5.660084
1.2168078666103979,4.031044
1.390157349464601,5.0075064
1.358057205711875,8.36434
1.135381357748688,6.2490625
1.2198811983684954,6.973977
1.3511756702999738,7.8152585
1.3410139680983106,7.346058
1.4498913227315873,4.93113
1.2548936697210717,4.666808
1.3428853166480457,7.057686
1.3502957171431627,8.390869
1.384362116417974,9.296698
1.4059568070913242,6.342138
1.352197122930364,7.025187
1.3528760844023167,4.4831305
1.1669470105042645,9.413781
1.1666823249197218,6.798397
1.2812255858405477,7.5392027
1.2390340451017134,5.1924777
1.3392921372231674,4.8570004
1.3932445625603982,5.688119
1.2022710298228005,3.9548202
1.5446064013928724,2.033665
1.3455443085104062,5.42671
1.5505492725299295,5.3001504
1.4021309902564218,8.387224
1.435561234202294,2.074401
1.2583024506068803,2.3300948
1.249586157431422,3.7596774
1.4308059110096611,2.5419073
1.5185021758939403,1.2370269
1.5097734605362736,2.366147
1.2452321771711288,2.550448
1.3822588209771922,2.2156665
1.3372873452244636,2.96245
1.3164901162094516,7.550952
1.144573441417257,1.8654827
1.1649605569082877,3.858739
1.2410406804463763,1.3172129
1.582977036074662,5.533321
1.5363228150550563,2.5784578
1.6492819624163684,4.956182
1.864819943139142,3.976792
1.8995593920225033,5.031704
1.9879346239298243,5.665116
1.5018942195025158,7.522985
1.6028855161525712,5.0645285
1.3046761379793979,4.422577
1.7224236992942734,3.8060603
1.5498295180444355,1.0278068
1.217210872803018,4.1853704
1.206343563349042,3.8254025
1.1833046625855856,2.5509648
1.1605471810597046,5.7981796
1.3000973485057243,4.2452807
1.3056088115499496,6.6144657
1.2012319276077195,7.0106473
1.427675361346189,7.614826
1.2673630381621617,6.3314667
1.276275531462945,7.3290544
1.3772386031835562,3.6585054
1.5961666818593325,1.2414026
1.329889235797675,1.6563052
1.3674165977104158,5.8534613
1.9947849832771525,4.3832626
2.4651922770784775,7.7091274
2.0217143325533753,3.940039
1.6028097658207856,4.2551117
1.625626919432986,3.5515337
1.7654467672433936,4.8336353
1.3878657845578963,5.4707575
1.2255785588686348,7.2337904
1.272718698003029,8.278263
1.3208849555290365,12.079934
1.4930886577377518,8.026004
1.4384023589760762,7.8665485
1.5214523772460051,5.434475
2.274384840262356,3.7411642
1.3489924575015282,6.516673
1.1973119239386951,4.0898304
1.1782730856800412,2.156632
1.1827612718786045,4.092016
1.1115242057899581,1.2401702
1.1608173381601457,3.0284295
1.1143270033720554,1.0434968
1.2455983114089997,7.0095263
1.1872502932188163,5.925962
1.2941597253296304,5.68303
1.4234214253816297,13.899254
1.3429367487275583,10.122895
1.2958545601721732,4.854671
1.174854867732804,2.7437718
1.1648711885023781,8.59597
1.169667956425057,8.397159
1.4442240692316506,11.06022
1.5955377431689717,11.157414
1.7481558918865516,7.3933163
2.1825315674974335,9.335772
1.4057675614059908,4.977003
1.826627098331025,7.272143
1.7347514503206494,8.420274
1.8717493993685708,8.410675
1.9806012050435577,9.51348
1.6615963717580264,2.6559377
1.333791518566672,3.4837656
1.8573726784288889,3.3970048
1.876878391176655,7.072994
1.5636814793267495,9.710695
1.5493729926582227,2.5601125
1.742495426749221,2.591368
1.8143370517643895,2.13238
1.4278909434202034,5.9824405
1.8838456332477302,9.268955
1.5113895551640188,1.3027899
2.0931639268210986,1.3074524
1.4981706115868556,3.3794453
2.0788637533322136,2.8504531
1.7684082538007475,4.9239964
1.5698863033081438,4.3635883
1.5216859019553899,3.706985
1.8400598128350827,10.785473
1.4142386535288052,7.350434
1.3612962083562103,2.8295555
1.6712222556097271,0.52050084
1.203538790378496,0.66311634
1.2497350567609231,0.61405754
1.7216234361747114,2.1194096
1.342717219770955,2.9614034
1.3028173648139882,8.93336
2.0574782000131364,5.7107525
2.1189371071750753,5.3087516
2.2770929633235624,8.951945
2.0443378261339276,2.4542804
1.5111152647844275,2.790012
1.8076326054490401,3.0408797
1.6955803810801902,4.3589854
1.7024476369057493,2.8261774
1.9026544983049551,3.3299654
1.5774998830773876,5.4460483
1.9439577799778203,4.998254
1.871291827759833,6.1256466
1.7385466387297368,6.678114
1.8864496297453788,3.7097101
1.6720657485293677,4.123352
1.345608330729663,2.8217313
1.6486668987655724,6.346602
1.7740923933258115,4.5359573
2.295593505429206,5.023221
1.8945753265809737,9.005234
2.2339281151318238,6.7394094
2.0615819491199665,4.368475
1.9443127999039267,5.8244042
1.9183098778330336,1.9308792
1.8462282284269644,2.608145
1.5798891962482682,3.586887
1.5830091854278627,4.845003
1.3669971435332138,1.8883637
1.453699391,3.837677
1.8589433210489716,5.790082
1.516164710708106,6.558948
1.3173507079225137,3.1472316
1.4460126864075993,2.6715717
1.332229262274835,9.036696
1.212363424498294,3.205363
1.2092145681078341,4.9475336
1.5769439792410274,2.9572349
1.6285253886221454,5.7263756
1.8527801316234982,8.465017
1.5884001164931143,12.45763
1.1017676554088636,3.9208457
1.234612412078079,6.0399146
1.1357577376243089,6.9401817
1.1107237903986444,6.0385027
1.126910784178219,1.8599939
1.4077725008136355,5.155098
1.5277891625787423,3.8540244
1.3278346170859927,5.1978436
1.3332838114901706,4.5871964
1.4432126431375163,6.314243
1.3437940165848812,2.5898762
1.2819100284032627,4.361019
1.760514683024893,6.175205
1.5510780699122737,2.3356714
1.621835537722814,6.2090683
1.7680070884369987,9.428151
1.8378935495217419,12.184512
1.3629969060826357,5.799932
1.361104068882962,5.3684893
1.7743644359479596,0.39027917
1.6930689431401162,3.9901764
1.3057878333795114,6.1630597
1.4704487714501722,3.1926358
1.4932999755071659,9.228685
1.6526207833898594,8.001496
1.651545776741011,4.4206696
1.823958094911794,7.7602124
1.301084410188777,3.4851596
1.9251977703654575,2.399373
1.5810432393132716,8.139788
1.4982133836285438,7.284353
1.4950065232591687,9.789994
1.4018352836631496,3.4795961
1.4828772651587043,5.64369
1.6966819085374514,2.045837
1.845953724186185,8.7203045
1.4914606146427476,7.7899895
1.6649499279778683,7.8250823
1.5449811567137246,12.851936
1.4848155084170298,3.9272738
1.6900376239862547,1.8016509
1.5807009555978806,1.7258751
1.8203731507500684,3.69886
1.3622074716392103,11.997955
1.5976610279018828,9.330048
1.593832448425462,9.921981
1.9642500849179578,5.751312
1.6891577038585275,4.0904217
1.416962387801571,0.7903967
1.6468940900771507,11.540312
1.9638075459177031,11.703144
2.163429101,7.0696406
2.0798894361898435,0.9784048
1.9137164833575004,5.3538976
1.6519177667727958,2.604968
1.9875331722080962,5.105227
1.8797093166751575,3.0862436
1.5019552905805509,4.297117
1.1987381174029177,1.601975
1.1635822204958683,5.1343727
1.2611103258469087,3.8771818
1.2816965778514748,5.567503
1.3237081828724389,3.670758
1.5952953288286353,2.1636126
1.496365396044511,6.282332
1.4590396169839117,6.6975083
1.4504115119704488,2.6296983
1.8594008848647685,8.679716
1.7157112319239296,7.936739
1.684331306697226,6.9565015
2.1418482128372145,6.6550856
2.0879397379429014,6.1021147
1.9908343020006598,12.217951
2.295164613014077,10.436472
1.7595777400712491,8.687128
1.8496088438040739,12.372311
1.9086467635169384,9.769977
1.406633445,4.9271955
1.443598001411225,2.8389988
1.8979132797945202,6.3802547
1.5932526543212717,10.619941
2.038908366417392,8.706846
2.066045921481526,8.222553
1.6289691761792455,15.321263
1.610751572198618,8.440599
1.9483773814170604,9.05762
1.8889837868682269,4.9282007
2.0308591028750187,6.5648994
1.6583273957236777,3.5052972
1.9663959586486601,3.1542816
1.6810821958596291,2.5572147
1.9978127452795609,5.176938
1.540127212892942,4.3697762
2.084483278510108,2.783299
1.6455430531688344,3.02455
1.2668146202169523,1.5332763
1.3955449458183666,0.5472192
1.4926721621075945,2.4000385
1.659933000132735,4.9436607
2.1711806327005756,9.448946
2.3948094074378825,14.843065
2.2578273213575093,9.325803
1.9426170089370516,2.4462543
2.111011983748224,4.0320816
2.1726642350625447,14.705626
1.571586269665976,15.982166
2.1796106265109625,14.377449
2.079685931804738,9.194341
2.2237550539887168,8.71915
1.5880253501928003,1.1619356
1.7780970753871936,8.753083
1.8447191493786157,2.7337818
1.626897111074639,16.134964
2.525410046644168,9.624402
1.975843171004462,15.787206
2.113013192391099,1.8824273
2.0500829024754155,11.884647
1.6583320855181418,12.227015
1.589751956818164,2.2126808
1.7284043491139374,8.304607
1.5372583975759888,9.48444
1.893451736927398,9.852991
1.8022954399385607,11.436772
2.450781744945078,9.536541
1.9957642277282366,2.3978565
1.5522008844897628,2.15999
1.7827784477543671,3.3074882
1.4159920301309428,1.2087467
1.3247852988958073,1.4890574
1.6406360385798027,2.7439113
1.2967912542658495,1.7174323
1.580596943,0.7957447
1.5631417741148963,0.76426923
1.3272665648551814,0.74277717
1.1648490183134959,1.1190014
1.3010085765024006,0.5374008
1.5648866000930501,0.89095396
1.543174414665078,0.8783728
1.5553847866426609,1.2622508
1.3988394016907377,1.0303807
2.1994238438008753,0.93907106
1.709679701457165,1.0620924
1.6564254285875573,1.4055218
1.5306860176392612,1.7363659
1.3908629167645143,1.0821953
1.7430213034899398,1.1393442
1.4024011389658955,1.2354116
1.1841702045069353,1.0903217
1.0652092710213328,0.9575956
1.1042724738929062,1.2363799
1.078522714482687,1.0755119
1.0624728130501013,1.9320384
1.0614052360460768,1.2054261
1.050373814550846,1.0086155
1.0157654067649684,1.4423586
1.0372950534765204,0.95738685
1.0291328000028435,1.20635
1.1463739625062241,1.6059048
1.0541152255859052,1.3609915
1.0342872969149612,1.0854427
1.041563909581466,1.1093024
1.0459528523828876,0.9800769
1.0257143081435802,1.3453898
1.051202838146893,1.7912236
1.0435572225982128,1.654227
1.0221003135930042,1.1530555
1.0390363776940026,1.0642527
1.0148712344701358,1.0835688
1.0358304141999055,1.0962957
1.054660654110254,1.4523187
1.0351460369564598,1.0556588
1.0725669733552712,1.0314511
1.047050587,1.1945724
1.136648685864528,0.95793784
1.0459516983953792,1.0479479
1.0834384407584026,1.1504111
1.0983408787329532,1.7365314
1.0573173282309443,1.1888405
1.097180683589366,1.2830145
1.0421335065375066,1.1920873
1.0871289882726975,1.2148026
1.0396054063742173,1.2419658
1.1291494385502274,1.1578116
1.0382622647564956,1.0907862
1.0782698364405796,1.1770146
1.2277466593014223,1.4587388
1.120232601594535,1.2635658
1.136894957776667,0.9625478
1.2117456334266186,1.2030156
1.0822794679819536,1.2780175
1.208670157215228,1.2621167
1.1859645141922166,1.11229
1.3023170744599286,0.92869
1.1537928926389798,1.4723139
1.3028670835236438,1.3648149
1.2114839079434045,1.259897
1.0787790178834853,1.636672
1.274081189384241,1.9114338
1.1410744171986835,1.7027581
1.2988151793192444,1.7323847
1.3259953601095111,1.3663251
1.3912157124036144,1.8644108
1.4835374631369682,1.3990163
1.3851402084305167,0.45647335
1.3237969432547387,0.7409275
1.4247409845841985,0.6879921
1.4406347745454187,1.6285918
1.379987443314311,2.6617866
1.4897879562056666,1.4732289
1.4527895919222393,0.9123967
1.234820075407573,1.3478527
1.1353982014527406,2.129812
1.3447304924784467,1.5598795
1.2809584635186813,0.50997233
1.2937356427172038,0.6611454
1.480206569567328,0.6864762
1.1249604579912889,1.3124413
1.1030364558604242,0.5316803
1.1421986026127307,0.7474009
1.055367704584996,0.9369711
1.1682182103225285,0.8246012
1.0492162922484727,0.33652475
1.1381323187268215,0.39501795
1.0447470637525251,0.43002486
1.0364860322032796,2.162281
1.1404231945633774,1.7411495
1.0652729353577752,2.7891984
1.0974361267719206,2.8975394
1.1438203547355388,0.76190877
1.3312344639551748,0.43907753
1.4621396033775478,0.7082556
1.4220124472410924,1.0667905
1.137693965793397,2.8346639
1.4485429565809478,0.51891303
1.4694476856709215,2.868124
1.8737588243938128,1.9551172
1.583992840363377,0.86413693
1.7281510648123994,1.2770412
1.5652267924187468,1.5390542
2.0750786695327954,1.3037628
1.8220297368983356,0.5817204
2.2635419717387903,0.8796333
1.5255409334704628,0.60398877
1.7510281114396242,0.40833876
2.1455106805193065,0.34535405
1.911671873259051,1.2210315
1.4740969978383374,0.61703235
2.115657158,2.9852657
2.155391778861433,0.5100002
1.7436795079022112,1.2639506
2.012008764379498,1.0678606
2.142362887768529,2.456454
1.5457539563787057,1.6706887
1.9414179316040425,2.3364382
2.0221582355828414,3.8492105
1.6246435991442891,2.2533226
1.8788670552508837,1.8994961
1.7292379898224441,2.4751832
1.5501889061546479,1.263044
1.7060330301034672,1.8606873
1.3572018063983038,3.7697449
1.2421303638256802,0.73882776
1.4161641243600527,1.3756107
1.4374462983581835,1.1772871
1.6254465548179962,3.1368434
1.7261887593802951,0.30671182
1.3587898140979833,1.7816606
1.3052482925157722,3.607279
1.2533812119960952,5.1987867
1.3444802528208164,2.7031596
1.5775746651249303,0.8877401
1.5393503195921157,1.5988766
1.4604142383218748,3.70074
1.575100236363493,2.409243
1.5795932565785036,0.40906018
1.3821308876171532,0.2664633
1.4251849135914205,0.6251262
1.533673982707534,0.9311898
1.3707806994995215,0.9923745
1.3385082514773043,3.6841578
1.4097809481587027,1.1920414
1.2694587412653107,1.2462924
1.182907476498305,3.2651637
1.1590834375532852,2.1340737
1.4001551402433023,2.803575
1.258379057725235,1.0175247
1.2048235954928286,1.2194474
1.2098342547968859,1.6167004
1.3710049979224601,3.3210676
1.2357621506746184,0.1250157
1.1930573558937874,0.83711815
1.233332970108154,4.6696963
1.1357656055348706,3.0010352
1.1851184874381242,0.73992527
1.2278635315125146,0.92312
1.1934010858206496,1.0393636
1.2268537376583843,3.2537546
1.2119997392489734,4.993649
1.223170299159416,1.9854884
1.175606530438149,1.2642791
1.327016788786351,1.2732339
1.2758308770975424,4.0191236
1.2399162864102016,3.2072012
1.214175956306071,1.9182708
1.2179950661727028,4.4820437
1.169622095952439,2.6099677
1.2145740876762334,1.0544704
1.2295206757115447,1.3123674
1.2731630450923368,1.0345899
1.2363439384573418,3.455867
1.1852201729229102,5.2954865
1.4767553262339397,7.484079
1.181596064077603,8.415473
1.1248231832984366,3.079668
1.1139947976673403,1.5947971
1.1798596742939824,2.461678
1.163321986290418,4.572347
1.182861633932331,2.6002822
1.2184093445886546,4.678743
1.1169844560452453,2.8290615
1.1992087045353874,7.8704724
1.1720810264454966,5.056881
1.1175359453597609,2.9574258
1.1634627735046386,6.038043
1.100590274,8.034516
1.092060032957545,2.9544694
1.082288019420129,5.5742784
1.1365625948148566,5.257122
1.1034225377342424,7.411989
1.1158823044757948,8.115985
1.1400709039335624,7.3505154
1.1639628609515076,7.2327943
1.1291726167972802,7.5899453
1.1328136840902276,7.860261
1.1018356085580283,5.7012224
1.1310775959939887,5.402162
1.140506069956649,7.5355105
1.1473454909284133,5.4138484
1.1458265599285038,4.9259386
1.177446465,3.7931945
1.1319065906728023,5.508618
1.0859134036446814,3.6691408
1.123769749402176,4.0849633
1.1008659996764718,8.530395
1.1059440074302427,4.633815
1.0251134003332958,5.389614
1.133985198132816,5.950927
1.0580606538322372,8.402102
1.097006336004072,6.903895
1.1532588112574376,5.3426514
1.1514118625501994,8.8264885
1.4974369069879878,9.820642
1.3740111365927443,10.646099
1.3794996700366167,9.505703
1.1752225013447077,11.331389
1.2570176954082173,9.939745
1.4367681007465491,9.119414
1.3990621226882924,8.727003
1.2233157165911295,14.044617
1.5750235498923195,17.713318
1.4501731337961414,7.443023
1.5041553148652325,1.2210234
1.5733221713900563,14.348619
1.4157474094733222,2.2286105
1.4546490605867486,9.670803
1.5520289021426321,15.652952
1.5475273758891424,6.78393
1.243059442289387,5.611764
1.210737195081909,8.854829
1.2322633382124202,3.1254761
1.1985118288788401,4.0715785
1.2066218286186794,3.7665563
1.4004738349681303,2.4321926
1.5809395173506602,5.4990683
1.4819417650269553,16.092447
1.4957101472324739,8.69267
1.3479988385359647,15.797573
1.7729069671180577,6.686161
1.782361002205942,14.398159
1.5369114152551138,8.809613
1.6056405043854483,8.554735
1.8162371179573615,12.61886
1.6602120846078448,17.852476
1.3384529313571079,7.269468
1.4824644491994516,9.709572
1.5500121340659698,5.0476847
1.8478599803949645,11.5493145
1.9409891286912386,5.159382
1.6854079013596979,0.5541216
1.6335273030260904,8.013793
1.979378383734406,3.2076766
1.967230146595787,8.554707
2.4567739780475795,1.4141698
2.072023957164398,5.9809594
1.462856339648638,3.175036
1.648224023,12.319164
1.4541749844477707,5.973444
1.4461166801841907,11.918711
1.6064017820810004,12.125135
1.6820296613669479,11.617438
1.2265422275256141,13.133035
1.6535167031506208,5.6798
1.5137703554023427,6.4999895
1.6729558998116105,7.9021416
1.818555976071553,14.267471
1.9919487289451543,9.316346